-- MySQL dump 10.13  Distrib 8.0.31, for Win64 (x86_64)
--
-- Host: localhost    Database: database_smt
-- ------------------------------------------------------
-- Server version	8.0.31

/*!40101 SET @OLD_CHARACTER_SET_CLIENT=@@CHARACTER_SET_CLIENT */;
/*!40101 SET @OLD_CHARACTER_SET_RESULTS=@@CHARACTER_SET_RESULTS */;
/*!40101 SET @OLD_COLLATION_CONNECTION=@@COLLATION_CONNECTION */;
/*!50503 SET NAMES utf8mb4 */;
/*!40103 SET @OLD_TIME_ZONE=@@TIME_ZONE */;
/*!40103 SET TIME_ZONE='+00:00' */;
/*!40014 SET @OLD_UNIQUE_CHECKS=@@UNIQUE_CHECKS, UNIQUE_CHECKS=0 */;
/*!40014 SET @OLD_FOREIGN_KEY_CHECKS=@@FOREIGN_KEY_CHECKS, FOREIGN_KEY_CHECKS=0 */;
/*!40101 SET @OLD_SQL_MODE=@@SQL_MODE, SQL_MODE='NO_AUTO_VALUE_ON_ZERO' */;
/*!40111 SET @OLD_SQL_NOTES=@@SQL_NOTES, SQL_NOTES=0 */;

--
-- Table structure for table `dispatch_order`
--

DROP TABLE IF EXISTS `dispatch_order`;
/*!40101 SET @saved_cs_client     = @@character_set_client */;
/*!50503 SET character_set_client = utf8mb4 */;
CREATE TABLE `dispatch_order` (
  `Dispatch_Order_Number` int NOT NULL,
  `Work_Plan_Start_Time` datetime DEFAULT NULL,
  `Work_Plan_End_Time` datetime DEFAULT NULL,
  `Work_Real_Start_Time` datetime DEFAULT NULL,
  `Work_Real_End_Time` datetime DEFAULT NULL,
  `Work_Real_Sum_Number` int DEFAULT NULL,
  `Work_Real_Qualified_Number` int DEFAULT NULL,
  `Work_Plan_Number` int DEFAULT NULL,
  `Staff_Number` int DEFAULT NULL,
  `U_Line_Number` varchar(10) DEFAULT NULL,
  `Mainboard_Number` varchar(6) DEFAULT NULL,
  PRIMARY KEY (`Dispatch_Order_Number`),
  KEY `Staff_Number` (`Staff_Number`),
  KEY `U_Line_Number` (`U_Line_Number`),
  KEY `Mainboard_Number` (`Mainboard_Number`),
  CONSTRAINT `dispatch_order_ibfk_1` FOREIGN KEY (`Staff_Number`) REFERENCES `staff` (`Staff_Number`),
  CONSTRAINT `dispatch_order_ibfk_2` FOREIGN KEY (`U_Line_Number`) REFERENCES `smt_u_line` (`U_Line_Number`),
  CONSTRAINT `dispatch_order_ibfk_3` FOREIGN KEY (`Mainboard_Number`) REFERENCES `mainboard` (`Mainboard_Number`)
) ENGINE=InnoDB DEFAULT CHARSET=utf8mb4 COLLATE=utf8mb4_0900_ai_ci;
/*!40101 SET character_set_client = @saved_cs_client */;

--
-- Dumping data for table `dispatch_order`
--

LOCK TABLES `dispatch_order` WRITE;
/*!40000 ALTER TABLE `dispatch_order` DISABLE KEYS */;
INSERT INTO `dispatch_order` VALUES (0,'2004-08-15 03:24:07','2004-08-20 13:41:49','2004-08-16 09:36:35','2004-08-20 17:51:24',1243,1185,1266,0,'SMTLine_00','PCB_AO'),(1,'2004-08-25 20:41:51','2004-08-29 16:45:17','2004-08-27 03:43:00','2004-08-29 03:39:53',1171,1116,1207,1,'SMTLine_01','PCB_AE'),(2,'2004-09-03 22:53:20','2004-09-09 00:17:31','2004-09-04 17:50:57','2004-09-10 17:59:18',1256,1238,1302,2,'SMTLine_02','PCB_AY'),(3,'2004-09-12 23:50:39','2004-09-18 04:49:09','2004-09-11 05:00:06','2004-09-17 13:34:06',515,470,528,3,'SMTLine_03','PCB_AK'),(4,'2004-09-21 11:42:15','2004-09-26 23:26:27','2004-09-21 23:27:34','2004-09-26 11:05:57',1259,1197,1306,4,'SMTLine_04','PCB_AZ'),(5,'2004-10-02 13:37:22','2004-10-09 01:52:40','2004-10-01 04:35:38','2004-10-10 03:02:18',630,570,656,5,'SMTLine_05','PCB_AI'),(6,'2004-10-13 12:57:49','2004-10-19 06:49:16','2004-10-12 13:29:37','2004-10-16 00:50:17',1464,1442,1489,6,'SMTLine_06','PCB_AP'),(7,'2004-10-23 00:32:46','2004-10-27 04:42:14','2004-10-24 07:49:16','2004-10-29 15:39:34',1081,987,1097,7,'SMTLine_07','PCB_AI'),(8,'2004-11-01 12:40:14','2004-11-05 14:22:04','2004-10-29 17:15:14','2004-11-04 21:42:40',1208,1187,1244,8,'SMTLine_08','PCB_AK'),(9,'2004-11-09 04:17:15','2004-11-13 00:58:17','2004-11-09 12:23:08','2004-11-13 18:42:27',1052,1026,1071,9,'SMTLine_09','PCB_AD'),(10,'2004-11-18 02:52:06','2004-11-22 18:47:26','2004-11-19 03:53:01','2004-11-24 03:34:05',626,555,664,10,'SMTLine_10','PCB_AD'),(11,'2004-11-28 16:05:30','2004-12-03 13:41:35','2004-12-01 02:00:09','2004-12-06 15:36:27',567,545,602,11,'SMTLine_11','PCB_AB'),(12,'2004-12-08 15:54:02','2004-12-12 03:02:21','2004-12-08 07:15:38','2004-12-10 22:17:40',1186,1094,1225,12,'SMTLine_12','PCB_AD'),(13,'2004-12-17 00:13:04','2004-12-21 17:30:14','2004-12-17 18:38:18','2004-12-21 13:52:04',1385,1347,1431,13,'SMTLine_13','PCB_AW'),(14,'2004-12-25 12:57:34','2004-12-30 03:18:21','2004-12-25 12:57:34','2004-12-31 15:23:28',1264,1187,1279,14,'SMTLine_14','PCB_AO'),(15,'2005-01-03 21:43:38','2005-01-08 04:06:17','2005-01-01 19:28:05','2005-01-07 13:45:02',1061,1047,1086,15,'SMTLine_15','PCB_AC'),(16,'2005-01-12 01:09:26','2005-01-15 22:57:33','2005-01-11 20:45:13','2005-01-17 16:28:01',1033,1001,1053,16,'SMTLine_16','PCB_AQ'),(17,'2005-01-19 23:53:03','2005-01-23 20:19:40','2005-01-19 08:43:06','2005-01-25 14:07:31',636,548,644,17,'SMTLine_17','PCB_AV'),(18,'2005-01-28 05:12:45','2005-02-01 00:55:05','2005-01-26 02:37:40','2005-02-02 00:30:36',1435,1395,1437,18,'SMTLine_18','PCB_AU'),(19,'2005-02-06 02:35:26','2005-02-11 12:46:43','2005-02-07 12:43:23','2005-02-13 20:59:12',1220,1189,1220,19,'SMTLine_19','PCB_AV'),(20,'2005-02-16 17:21:48','2005-02-21 19:32:50','2005-02-14 20:13:40','2005-02-24 02:08:28',1008,932,1020,20,'SMTLine_20','PCB_AI'),(21,'2005-02-27 15:34:23','2005-03-05 12:11:34','2005-02-26 18:20:22','2005-03-03 10:10:34',597,554,609,21,'SMTLine_21','PCB_AP'),(22,'2005-03-09 20:38:50','2005-03-15 05:52:39','2005-03-11 03:40:26','2005-03-18 12:11:40',645,623,673,22,'SMTLine_22','PCB_AP'),(23,'2005-03-21 03:28:08','2005-03-25 06:32:08','2005-03-18 23:50:13','2005-03-25 17:31:36',1362,1334,1381,23,'SMTLine_23','PCB_AS'),(24,'2005-03-30 17:49:32','2005-04-03 19:47:18','2005-03-30 10:39:25','2005-04-02 04:10:41',1492,1466,1536,24,'SMTLine_24','PCB_AC'),(25,'2005-04-07 22:40:01','2005-04-12 12:52:18','2005-04-09 05:11:11','2005-04-12 05:34:55',966,904,999,25,'SMTLine_25','PCB_AE'),(26,'2005-04-16 21:01:13','2005-04-20 05:41:53','2005-04-16 22:04:30','2005-04-19 18:06:49',540,482,561,26,'SMTLine_26','PCB_AN'),(27,'2005-04-25 05:34:58','2005-04-30 09:38:05','2005-04-24 23:01:59','2005-05-01 00:13:25',1355,1280,1367,27,'SMTLine_27','PCB_AD'),(28,'2005-05-06 10:07:02','2005-05-11 21:45:55','2005-05-04 22:28:32','2005-05-13 03:22:17',1132,1043,1180,28,'SMTLine_28','PCB_AH'),(29,'2005-05-17 05:04:43','2005-05-22 00:19:53','2005-05-15 19:29:21','2005-05-21 19:53:55',505,459,544,29,'SMTLine_29','PCB_AM'),(30,'2005-05-26 01:05:26','2005-05-30 05:05:32','2005-05-25 04:50:13','2005-05-28 02:28:08',1083,1020,1123,30,'SMTLine_30','PCB_AT'),(31,'2005-06-03 19:57:03','2005-06-08 15:18:42','2005-06-04 06:28:56','2005-06-10 05:22:48',915,865,917,31,'SMTLine_31','PCB_AA'),(32,'2005-06-13 19:31:57','2005-06-18 12:11:26','2005-06-12 02:24:53','2005-06-18 21:09:23',678,630,725,32,'SMTLine_32','PCB_AJ'),(33,'2005-06-23 05:44:38','2005-06-28 07:29:28','2005-06-25 11:31:25','2005-06-28 03:26:20',848,839,869,33,'SMTLine_33','PCB_AD'),(34,'2005-07-02 04:20:12','2005-07-06 21:12:25','2005-07-01 13:34:53','2005-07-06 05:57:08',1270,1253,1281,34,'SMTLine_34','PCB_AE'),(35,'2005-07-11 14:10:08','2005-07-17 02:54:15','2005-07-10 23:54:22','2005-07-15 15:41:16',1450,1413,1496,35,'SMTLine_35','PCB_AV'),(36,'2005-07-21 14:09:36','2005-07-27 00:58:13','2005-07-24 03:40:15','2005-07-25 23:50:35',1276,1207,1318,36,'SMTLine_36','PCB_AT'),(37,'2005-08-01 02:31:06','2005-08-05 14:01:25','2005-07-30 17:01:29','2005-08-06 09:39:39',728,640,744,37,'SMTLine_37','PCB_AO'),(38,'2005-08-10 06:21:35','2005-08-14 21:18:03','2005-08-10 04:18:41','2005-08-14 17:27:17',1136,1047,1172,38,'SMTLine_38','PCB_AD'),(39,'2005-08-18 17:35:30','2005-08-23 10:10:15','2005-08-19 22:09:17','2005-08-23 20:52:39',922,904,951,39,'SMTLine_39','PCB_AO'),(40,'2005-08-28 17:54:18','2005-09-02 21:11:02','2005-08-31 10:14:12','2005-09-03 12:10:23',886,803,912,40,'SMTLine_40','PCB_AW'),(41,'2005-09-07 15:18:06','2005-09-11 11:29:22','2005-09-07 16:01:41','2005-09-10 11:28:55',756,668,771,41,'SMTLine_41','PCB_AJ'),(42,'2005-09-16 21:20:33','2005-09-23 05:44:29','2005-09-19 21:44:52','2005-09-20 04:30:40',578,524,583,42,'SMTLine_42','PCB_AQ'),(43,'2005-09-28 21:30:49','2005-10-03 14:25:52','2005-09-30 19:50:02','2005-10-01 23:16:56',707,663,717,43,'SMTLine_43','PCB_AK'),(44,'2005-10-07 13:10:25','2005-10-12 12:00:19','2005-10-08 20:58:01','2005-10-11 00:39:13',823,767,826,44,'SMTLine_44','PCB_AQ'),(45,'2005-10-16 14:51:43','2005-10-20 23:42:07','2005-10-15 08:51:41','2005-10-21 17:46:15',811,766,853,45,'SMTLine_45','PCB_AO'),(46,'2005-10-26 03:15:51','2005-10-31 03:06:26','2005-10-27 06:39:39','2005-11-02 11:45:46',927,900,930,46,'SMTLine_46','PCB_AQ'),(47,'2005-11-05 12:53:27','2005-11-10 07:01:59','2005-11-04 14:05:57','2005-11-12 00:52:08',1179,1145,1180,47,'SMTLine_47','PCB_AN'),(48,'2005-11-14 13:25:19','2005-11-20 03:53:01','2005-11-16 16:35:57','2005-11-21 02:55:27',728,668,730,48,'SMTLine_48','PCB_AC'),(49,'2005-11-25 09:37:27','2005-11-30 14:39:54','2005-11-27 10:02:55','2005-11-28 23:47:54',783,706,824,49,'SMTLine_49','PCB_AZ'),(50,'2005-12-05 07:27:44','2005-12-09 22:20:52','2005-12-04 09:22:52','2005-12-11 12:57:09',864,769,913,50,'SMTLine_50','PCB_AX'),(51,'2005-12-14 10:42:29','2005-12-20 03:50:53','2005-12-16 20:31:19','2005-12-20 11:06:24',1412,1388,1437,51,'SMTLine_51','PCB_AK'),(52,'2005-12-24 12:05:37','2005-12-29 11:39:00','2005-12-23 22:52:23','2005-12-28 04:46:32',994,986,1013,52,'SMTLine_52','PCB_AR'),(53,'2006-01-02 17:40:18','2006-01-08 10:50:37','2006-01-04 18:02:08','2006-01-10 15:08:17',634,632,646,53,'SMTLine_53','PCB_AU'),(54,'2006-01-13 00:33:51','2006-01-17 19:46:51','2006-01-12 17:37:28','2006-01-18 06:35:54',1485,1436,1490,54,'SMTLine_54','PCB_AO'),(55,'2006-01-22 08:53:28','2006-01-27 16:25:22','2006-01-20 23:57:07','2006-01-26 08:19:14',1499,1458,1507,55,'SMTLine_55','PCB_AI'),(56,'2006-02-01 19:01:03','2006-02-05 18:29:26','2006-01-31 10:40:18','2006-02-07 08:41:07',536,441,554,56,'SMTLine_56','PCB_AL'),(57,'2006-02-10 16:15:21','2006-02-16 16:02:50','2006-02-08 00:46:43','2006-02-13 12:02:57',1465,1414,1501,57,'SMTLine_57','PCB_AW'),(58,'2006-02-22 00:07:04','2006-02-26 02:33:50','2006-02-20 03:30:56','2006-02-27 14:32:11',814,768,858,58,'SMTLine_58','PCB_AA'),(59,'2006-03-02 05:34:12','2006-03-06 13:44:44','2006-03-01 17:46:27','2006-03-06 07:12:20',727,717,756,59,'SMTLine_59','PCB_AX'),(60,'2006-03-11 16:35:09','2006-03-15 14:16:13','2006-03-10 19:30:48','2006-03-16 21:39:41',860,808,896,60,'SMTLine_60','PCB_AE'),(61,'2006-03-20 19:27:23','2006-03-25 12:46:40','2006-03-20 06:35:53','2006-03-22 18:57:27',537,437,537,61,'SMTLine_61','PCB_AF'),(62,'2006-03-30 13:25:46','2006-04-04 02:58:46','2006-03-31 23:12:48','2006-04-01 14:35:07',643,570,690,62,'SMTLine_62','PCB_AG'),(63,'2006-04-09 11:38:21','2006-04-13 13:46:41','2006-04-10 11:23:48','2006-04-12 09:28:00',1248,1157,1286,63,'SMTLine_63','PCB_AY'),(64,'2006-04-17 23:21:54','2006-04-22 16:49:01','2006-04-17 06:07:17','2006-04-23 14:59:49',802,734,816,64,'SMTLine_64','PCB_AO'),(65,'2006-04-28 17:56:52','2006-05-03 12:11:10','2006-04-27 02:53:22','2006-05-01 05:30:39',1284,1282,1334,65,'SMTLine_65','PCB_AR'),(66,'2006-05-10 07:24:13','2006-05-14 08:25:37','2006-05-07 02:19:50','2006-05-14 18:36:53',746,675,779,66,'SMTLine_66','PCB_AF'),(67,'2006-05-18 23:51:44','2006-05-24 02:17:02','2006-05-18 09:37:01','2006-05-21 17:13:20',1470,1415,1474,67,'SMTLine_67','PCB_AN'),(68,'2006-05-29 04:15:30','2006-06-02 01:04:15','2006-05-26 18:25:13','2006-05-31 19:27:58',912,828,923,68,'SMTLine_68','PCB_AF'),(69,'2006-06-07 13:05:53','2006-06-11 10:46:21','2006-06-07 11:21:16','2006-06-13 15:07:48',599,560,620,69,'SMTLine_69','PCB_AV'),(70,'2006-06-15 14:50:51','2006-06-20 09:09:57','2006-06-15 18:39:06','2006-06-17 19:51:45',1395,1346,1396,70,'SMTLine_70','PCB_AR'),(71,'2006-06-24 17:41:28','2006-07-01 02:41:54','2006-06-26 10:47:56','2006-07-03 21:49:15',888,792,927,71,'SMTLine_71','PCB_AR'),(72,'2006-07-05 15:08:30','2006-07-10 11:34:36','2006-07-04 05:13:23','2006-07-11 13:13:47',813,738,842,72,'SMTLine_72','PCB_AF'),(73,'2006-07-16 00:26:55','2006-07-19 14:42:09','2006-07-16 04:49:06','2006-07-21 05:15:36',1499,1399,1499,73,'SMTLine_73','PCB_AZ'),(74,'2006-07-25 01:40:57','2006-07-29 06:37:51','2006-07-25 11:01:49','2006-07-29 16:45:37',800,700,850,74,'SMTLine_74','PCB_AG'),(75,'2006-08-02 22:59:45','2006-08-07 08:00:21','2006-08-03 18:40:06','2006-08-06 06:37:19',604,520,642,75,'SMTLine_75','PCB_AU'),(76,'2006-08-11 14:57:22','2006-08-16 04:10:51','2006-08-12 18:53:25','2006-08-15 02:05:17',1335,1263,1363,76,'SMTLine_76','PCB_AV'),(77,'2006-08-21 04:03:39','2006-08-25 15:11:00','2006-08-19 19:31:04','2006-08-26 07:37:02',924,875,948,77,'SMTLine_77','PCB_AI'),(78,'2006-08-31 01:58:30','2006-09-04 02:24:47','2006-08-30 15:11:47','2006-09-02 13:40:04',1271,1235,1276,78,'SMTLine_78','PCB_AD'),(79,'2006-09-08 04:07:37','2006-09-13 00:16:37','2006-09-07 07:35:39','2006-09-12 10:11:14',938,847,962,79,'SMTLine_79','PCB_AG'),(80,'2006-09-17 11:23:16','2006-09-21 05:35:22','2006-09-16 01:19:52','2006-09-21 20:38:55',1403,1378,1433,80,'SMTLine_80','PCB_AT'),(81,'2006-09-26 00:51:13','2006-09-30 18:24:48','2006-09-26 21:08:00','2006-10-01 13:29:59',932,886,945,81,'SMTLine_81','PCB_AM'),(82,'2006-10-05 04:24:40','2006-10-09 12:44:04','2006-10-03 12:58:12','2006-10-11 11:00:30',1081,1041,1126,82,'SMTLine_82','PCB_AR'),(83,'2006-10-14 02:52:57','2006-10-18 20:40:19','2006-10-13 01:03:51','2006-10-16 10:44:58',552,484,593,83,'SMTLine_83','PCB_AN'),(84,'2006-10-23 16:03:18','2006-10-29 08:02:47','2006-10-22 02:11:15','2006-10-30 00:47:22',732,670,739,84,'SMTLine_84','PCB_AL'),(85,'2006-11-03 13:49:51','2006-11-08 17:30:28','2006-11-03 07:47:26','2006-11-11 03:24:54',589,533,614,85,'SMTLine_85','PCB_AU'),(86,'2006-11-13 23:06:25','2006-11-18 15:37:05','2006-11-13 12:33:52','2006-11-17 13:32:28',770,714,805,86,'SMTLine_86','PCB_AS'),(87,'2006-11-23 05:52:20','2006-11-28 10:20:34','2006-11-24 14:11:19','2006-11-28 03:45:37',796,766,798,87,'SMTLine_87','PCB_AP'),(88,'2006-12-02 05:51:43','2006-12-06 05:49:24','2006-12-03 07:08:05','2006-12-05 07:58:28',1280,1230,1286,88,'SMTLine_88','PCB_AE'),(89,'2006-12-09 15:58:57','2006-12-14 05:30:34','2006-12-09 23:38:24','2006-12-13 03:48:38',508,479,541,89,'SMTLine_89','PCB_AO'),(90,'2006-12-18 23:17:52','2006-12-24 01:09:21','2006-12-20 02:38:55','2006-12-26 05:42:31',1351,1283,1395,90,'SMTLine_90','PCB_AH'),(91,'2006-12-28 05:17:48','2006-12-31 11:31:51','2006-12-29 03:56:52','2006-12-30 03:55:36',576,510,610,91,'SMTLine_91','PCB_AR'),(92,'2007-01-04 06:26:44','2007-01-08 14:29:12','2007-01-03 20:41:33','2007-01-10 00:38:22',1231,1135,1242,92,'SMTLine_92','PCB_AI'),(93,'2007-01-13 10:16:51','2007-01-17 16:46:34','2007-01-13 11:37:43','2007-01-16 14:47:19',1001,944,1039,93,'SMTLine_93','PCB_AS'),(94,'2007-01-23 23:41:24','2007-01-28 06:01:59','2007-01-22 00:48:43','2007-01-26 08:33:22',863,853,869,94,'SMTLine_94','PCB_AS'),(95,'2007-02-01 20:26:54','2007-02-06 16:07:18','2007-01-31 04:17:36','2007-02-04 07:20:50',1451,1360,1453,95,'SMTLine_95','PCB_AY'),(96,'2007-02-11 18:24:55','2007-02-16 13:19:07','2007-02-11 18:24:55','2007-02-18 19:02:52',676,674,717,96,'SMTLine_96','PCB_AQ'),(97,'2007-02-21 09:51:26','2007-02-25 03:39:10','2007-02-18 21:09:21','2007-02-24 19:43:48',1104,1084,1112,97,'SMTLine_97','PCB_AP'),(98,'2007-03-02 14:58:17','2007-03-06 12:29:26','2007-03-03 13:02:01','2007-03-04 11:06:25',1285,1228,1291,98,'SMTLine_98','PCB_AL'),(99,'2007-03-11 13:21:12','2007-03-16 06:21:39','2007-03-10 16:28:49','2007-03-15 12:12:54',900,844,923,99,'SMTLine_00','PCB_AE'),(109,'2007-06-13 23:02:42','2007-06-18 19:06:02','2007-06-14 08:34:03','2007-06-20 13:39:25',928,886,952,0,'SMTLine_10','PCB_AQ'),(110,'2007-06-24 04:30:52','2007-06-28 17:39:10','2007-06-24 22:23:55','2007-06-28 09:45:19',974,953,986,1,'SMTLine_11','PCB_AR'),(111,'2007-07-03 17:49:58','2007-07-09 10:13:20','2007-07-04 17:22:35','2007-07-09 16:09:11',507,500,507,2,'SMTLine_12','PCB_AU'),(112,'2007-07-14 01:38:30','2007-07-18 02:06:56','2007-07-15 02:38:05','2007-07-19 00:49:24',972,904,974,3,'SMTLine_13','PCB_AT'),(113,'2007-07-22 05:26:27','2007-07-27 06:20:37','2007-07-20 18:17:44','2007-07-24 20:17:11',1019,993,1019,4,'SMTLine_14','PCB_AK'),(114,'2007-08-01 03:56:50','2007-08-05 17:21:53','2007-07-31 18:37:27','2007-08-07 08:52:38',637,630,642,5,'SMTLine_15','PCB_AQ'),(115,'2007-08-10 06:47:14','2007-08-15 21:42:57','2007-08-10 00:59:14','2007-08-16 03:15:11',1118,1096,1154,6,'SMTLine_16','PCB_AB'),(116,'2007-08-19 15:36:36','2007-08-24 05:35:33','2007-08-17 23:57:34','2007-08-25 21:04:43',1268,1194,1318,7,'SMTLine_17','PCB_AC'),(117,'2007-08-29 22:01:28','2007-09-03 23:00:28','2007-08-29 15:40:44','2007-09-04 18:35:39',505,426,546,8,'SMTLine_18','PCB_AY'),(118,'2007-09-08 05:33:40','2007-09-12 19:02:15','2007-09-07 12:30:23','2007-09-13 10:02:32',1064,1015,1094,9,'SMTLine_19','PCB_AW'),(119,'2007-09-16 22:03:23','2007-09-21 19:01:25','2007-09-18 16:49:25','2007-09-23 00:06:36',1060,1019,1085,10,'SMTLine_20','PCB_AN'),(120,'2007-09-25 03:34:35','2007-09-30 04:31:09','2007-09-26 01:32:32','2007-10-02 01:42:39',1494,1469,1533,11,'SMTLine_21','PCB_AK'),(121,'2007-10-04 17:16:01','2007-10-10 22:17:38','2007-10-07 19:05:14','2007-10-09 00:49:34',1221,1188,1268,12,'SMTLine_22','PCB_AY'),(122,'2007-10-16 04:54:01','2007-10-20 05:41:03','2007-10-16 23:35:00','2007-10-18 09:59:53',916,899,940,13,'SMTLine_23','PCB_AT'),(123,'2007-10-25 11:17:24','2007-10-30 03:42:56','2007-10-27 18:09:36','2007-10-31 09:44:24',748,721,764,14,'SMTLine_24','PCB_AQ'),(124,'2007-11-04 13:11:51','2007-11-10 03:58:00','2007-11-07 00:29:34','2007-11-09 17:24:18',1061,981,1071,15,'SMTLine_25','PCB_AJ'),(125,'2007-11-14 14:14:57','2007-11-19 19:50:02','2007-11-14 16:08:20','2007-11-20 21:12:20',504,450,522,16,'SMTLine_26','PCB_AE'),(126,'2007-11-25 15:00:55','2007-11-30 16:31:09','2007-11-25 00:42:03','2007-11-28 00:39:16',1248,1160,1280,17,'SMTLine_27','PCB_AM'),(127,'2007-12-06 10:13:38','2007-12-11 00:26:06','2007-12-06 16:29:15','2007-12-14 05:53:00',826,786,868,18,'SMTLine_28','PCB_AP'),(128,'2007-12-16 09:46:49','2007-12-21 12:15:41','2007-12-16 16:21:42','2007-12-21 21:04:14',1291,1199,1325,19,'SMTLine_29','PCB_AN'),(129,'2007-12-26 07:43:10','2007-12-31 12:42:30','2007-12-24 13:20:51','2008-01-01 20:29:46',1307,1277,1345,20,'SMTLine_30','PCB_AL'),(130,'2008-01-04 22:28:06','2008-01-10 14:19:19','2008-01-06 14:31:01','2008-01-08 21:43:49',767,733,816,21,'SMTLine_31','PCB_AB'),(131,'2008-01-14 08:05:43','2008-01-18 21:21:32','2008-01-13 17:24:33','2008-01-18 07:06:47',939,886,956,22,'SMTLine_32','PCB_AG'),(132,'2008-01-24 06:23:47','2008-01-28 19:03:29','2008-01-24 03:08:03','2008-01-27 01:38:31',836,762,851,23,'SMTLine_33','PCB_AY'),(133,'2008-02-01 20:27:59','2008-02-06 18:30:55','2008-02-03 07:35:09','2008-02-03 17:16:58',1313,1256,1322,24,'SMTLine_34','PCB_AI'),(134,'2008-02-10 13:24:25','2008-02-15 08:21:19','2008-02-09 10:17:42','2008-02-13 21:02:17',1080,1056,1109,25,'SMTLine_35','PCB_AR'),(135,'2008-02-20 16:49:50','2008-02-25 08:37:27','2008-02-20 01:00:44','2008-02-24 02:06:01',743,673,778,26,'SMTLine_36','PCB_AU'),(136,'2008-03-01 16:28:41','2008-03-06 01:28:24','2008-02-28 18:56:58','2008-03-03 23:42:57',583,510,602,27,'SMTLine_37','PCB_AW'),(137,'2008-03-10 09:19:09','2008-03-14 23:20:46','2008-03-11 12:39:19','2008-03-13 06:39:10',1373,1352,1384,28,'SMTLine_38','PCB_AS'),(138,'2008-03-19 02:43:05','2008-03-24 08:39:15','2008-03-18 08:47:55','2008-03-23 01:05:17',1430,1378,1439,29,'SMTLine_39','PCB_AV'),(139,'2008-03-28 17:09:12','2008-04-01 21:03:05','2008-03-28 10:43:31','2008-03-31 22:59:35',1346,1302,1374,30,'SMTLine_40','PCB_AG'),(140,'2008-04-07 06:02:24','2008-04-11 22:28:25','2008-04-09 10:21:40','2008-04-13 01:15:20',1476,1422,1500,31,'SMTLine_41','PCB_AD'),(141,'2008-04-17 00:22:41','2008-04-22 03:33:42','2008-04-14 17:15:25','2008-04-21 02:34:31',958,880,1002,32,'SMTLine_42','PCB_AC'),(142,'2008-04-27 19:17:57','2008-05-03 06:40:21','2008-04-25 08:23:17','2008-04-30 06:07:21',1482,1433,1529,33,'SMTLine_43','PCB_AN'),(143,'2008-05-09 05:24:51','2008-05-14 10:51:07','2008-05-10 11:47:49','2008-05-15 20:54:20',861,825,905,34,'SMTLine_44','PCB_AT'),(144,'2008-05-19 22:02:37','2008-05-24 14:23:41','2008-05-19 22:02:37','2008-05-22 09:35:06',1029,958,1055,35,'SMTLine_45','PCB_AE'),(145,'2008-05-30 19:25:48','2008-06-04 19:50:00','2008-05-30 01:53:37','2008-06-05 13:25:54',1080,1067,1081,36,'SMTLine_46','PCB_AT'),(146,'2008-06-08 13:27:06','2008-06-13 09:48:11','2008-06-10 11:52:48','2008-06-12 14:57:50',965,882,975,37,'SMTLine_47','PCB_AO'),(147,'2008-06-17 15:36:44','2008-06-22 07:23:43','2008-06-17 00:56:43','2008-06-23 23:03:27',1494,1466,1532,38,'SMTLine_48','PCB_AZ'),(148,'2008-06-27 13:02:23','2008-07-01 14:52:44','2008-06-29 14:01:46','2008-07-03 18:21:28',1045,975,1050,39,'SMTLine_49','PCB_AK'),(149,'2008-07-06 10:13:30','2008-07-10 21:51:02','2008-07-08 01:45:31','2008-07-11 04:02:52',1167,1128,1169,40,'SMTLine_50','PCB_AH'),(150,'2008-07-15 10:49:35','2008-07-19 21:04:42','2008-07-17 12:33:50','2008-07-20 13:05:06',813,723,815,41,'SMTLine_51','PCB_AG'),(151,'2008-07-24 23:28:49','2008-07-29 08:10:59','2008-07-27 01:01:08','2008-07-28 18:00:10',1085,1042,1117,42,'SMTLine_52','PCB_AC'),(152,'2008-08-03 04:17:08','2008-08-06 23:13:17','2008-08-02 04:29:48','2008-08-06 20:57:35',1276,1185,1307,43,'SMTLine_53','PCB_AF'),(153,'2008-08-11 10:09:16','2008-08-16 08:31:25','2008-08-09 11:18:48','2008-08-18 08:22:39',1330,1275,1337,44,'SMTLine_54','PCB_AY'),(154,'2008-08-20 15:39:33','2008-08-25 05:05:53','2008-08-22 06:24:14','2008-08-26 06:32:54',1207,1148,1231,45,'SMTLine_55','PCB_AZ'),(155,'2008-08-29 09:29:37','2008-09-03 16:28:32','2008-08-31 02:38:52','2008-09-03 09:45:43',689,647,700,46,'SMTLine_56','PCB_AU'),(156,'2008-09-08 23:46:31','2008-09-15 00:09:02','2008-09-10 14:07:19','2008-09-18 01:22:23',926,860,969,47,'SMTLine_57','PCB_AE'),(157,'2008-09-20 01:53:51','2008-09-24 22:38:15','2008-09-18 22:14:54','2008-09-25 00:38:21',1498,1467,1525,48,'SMTLine_58','PCB_AI'),(158,'2008-10-01 22:59:37','2008-10-07 00:01:06','2008-10-03 14:33:32','2008-10-05 16:17:35',1002,962,1033,49,'SMTLine_59','PCB_AE'),(159,'2008-10-12 10:27:55','2008-10-17 17:59:47','2008-10-09 18:59:15','2008-10-19 05:30:17',1417,1390,1419,50,'SMTLine_60','PCB_AM'),(160,'2008-10-23 21:23:24','2008-10-28 06:59:27','2008-10-23 11:25:45','2008-10-28 14:55:02',1315,1216,1352,51,'SMTLine_61','PCB_AJ'),(161,'2008-11-01 01:35:30','2008-11-07 06:37:48','2008-10-30 22:11:43','2008-11-07 20:45:08',959,943,965,52,'SMTLine_62','PCB_AJ'),(162,'2008-11-12 18:37:15','2008-11-18 04:15:14','2008-11-10 21:53:56','2008-11-15 19:35:39',1366,1337,1405,53,'SMTLine_63','PCB_AL'),(163,'2008-11-22 07:17:23','2008-11-27 18:24:33','2008-11-20 10:31:55','2008-11-25 12:10:00',1008,938,1015,54,'SMTLine_64','PCB_AC'),(164,'2008-12-01 17:28:39','2008-12-05 15:12:26','2008-12-03 06:21:36','2008-12-05 13:11:13',899,842,920,55,'SMTLine_65','PCB_AA'),(165,'2008-12-11 11:31:07','2008-12-14 15:05:09','2008-12-11 22:37:24','2008-12-17 02:47:22',682,641,682,56,'SMTLine_66','PCB_AE'),(166,'2008-12-19 18:01:09','2008-12-23 19:12:49','2008-12-20 18:56:42','2008-12-22 17:26:07',548,466,564,57,'SMTLine_67','PCB_AS'),(167,'2008-12-28 05:43:38','2009-01-01 20:14:10','2008-12-29 00:49:46','2009-01-02 15:50:09',1373,1310,1415,58,'SMTLine_68','PCB_AT'),(168,'2009-01-06 10:37:04','2009-01-10 05:20:03','2009-01-04 23:52:03','2009-01-10 05:20:03',649,551,653,59,'SMTLine_69','PCB_AT'),(169,'2009-01-15 22:22:28','2009-01-19 19:51:09','2009-01-13 20:22:09','2009-01-22 05:27:55',1152,1150,1158,60,'SMTLine_70','PCB_AP'),(170,'2009-01-25 00:30:23','2009-01-29 06:55:08','2009-01-23 00:53:38','2009-01-31 08:47:58',554,504,594,61,'SMTLine_71','PCB_AR'),(171,'2009-02-03 02:15:39','2009-02-07 13:32:44','2009-02-04 21:16:29','2009-02-05 06:35:57',1166,1084,1206,62,'SMTLine_72','PCB_AV'),(172,'2009-02-11 18:01:32','2009-02-17 19:28:40','2009-02-10 20:30:41','2009-02-15 20:46:23',901,815,938,63,'SMTLine_73','PCB_AK'),(173,'2009-02-22 22:25:41','2009-02-27 03:03:31','2009-02-20 20:11:50','2009-03-01 07:14:22',1419,1396,1463,64,'SMTLine_74','PCB_AD'),(174,'2009-03-04 09:58:55','2009-03-09 18:48:03','2009-03-03 06:07:03','2009-03-12 04:48:58',555,470,597,65,'SMTLine_75','PCB_AA'),(175,'2009-03-15 02:11:44','2009-03-21 03:02:11','2009-03-15 02:11:44','2009-03-20 21:20:06',1239,1161,1276,66,'SMTLine_76','PCB_AV'),(176,'2009-03-25 16:08:17','2009-03-30 16:21:38','2009-03-26 08:31:29','2009-03-28 02:57:52',1293,1223,1328,67,'SMTLine_77','PCB_AZ'),(177,'2009-04-04 13:25:37','2009-04-09 15:18:35','2009-04-05 08:09:09','2009-04-09 18:17:39',610,567,625,68,'SMTLine_78','PCB_AQ'),(178,'2009-04-13 21:16:56','2009-04-19 00:37:11','2009-04-12 02:46:41','2009-04-20 10:52:32',935,889,938,69,'SMTLine_79','PCB_AW'),(179,'2009-04-23 22:55:40','2009-04-28 21:29:23','2009-04-26 01:01:35','2009-04-30 10:38:24',833,832,833,70,'SMTLine_80','PCB_AV'),(180,'2009-05-04 01:33:45','2009-05-08 06:28:58','2009-05-02 03:48:37','2009-05-07 04:10:43',856,762,875,71,'SMTLine_81','PCB_AW'),(181,'2009-05-12 07:21:24','2009-05-16 09:03:59','2009-05-10 14:01:20','2009-05-18 14:40:12',571,501,601,72,'SMTLine_82','PCB_AD'),(182,'2009-05-21 10:42:48','2009-05-25 06:49:57','2009-05-23 04:06:34','2009-05-26 16:35:09',877,798,927,73,'SMTLine_83','PCB_AR'),(183,'2009-05-29 22:15:50','2009-06-03 00:25:09','2009-05-30 00:33:18','2009-06-04 02:28:25',1193,1165,1193,74,'SMTLine_84','PCB_AF'),(184,'2009-06-06 18:55:56','2009-06-10 17:50:23','2009-06-04 13:11:31','2009-06-10 18:00:31',1055,974,1101,75,'SMTLine_85','PCB_AM'),(185,'2009-06-15 06:27:02','2009-06-19 19:38:21','2009-06-13 14:18:36','2009-06-20 05:38:35',876,792,878,76,'SMTLine_86','PCB_AM'),(186,'2009-06-25 08:31:22','2009-06-30 10:56:11','2009-06-26 22:10:25','2009-06-29 22:51:46',563,490,582,77,'SMTLine_87','PCB_AH'),(187,'2009-07-06 03:46:50','2009-07-10 06:05:11','2009-07-06 17:54:38','2009-07-08 23:31:39',812,766,846,78,'SMTLine_88','PCB_AZ'),(188,'2009-07-15 07:25:27','2009-07-19 03:51:11','2009-07-15 07:25:27','2009-07-19 01:44:19',1210,1141,1249,79,'SMTLine_89','PCB_AB'),(189,'2009-07-23 13:13:00','2009-07-28 06:31:33','2009-07-24 12:02:13','2009-07-29 14:11:52',913,895,942,80,'SMTLine_90','PCB_AY'),(190,'2009-08-01 20:18:50','2009-08-05 15:59:50','2009-07-30 15:39:16','2009-08-05 19:14:56',784,769,794,81,'SMTLine_91','PCB_AH'),(191,'2009-08-09 23:28:11','2009-08-14 14:48:11','2009-08-09 08:35:59','2009-08-12 17:50:43',1470,1413,1487,82,'SMTLine_92','PCB_AM'),(192,'2009-08-18 16:07:55','2009-08-22 14:52:16','2009-08-16 10:25:12','2009-08-22 23:07:32',846,845,892,83,'SMTLine_93','PCB_AS'),(193,'2009-08-27 20:52:11','2009-09-01 13:47:52','2009-08-29 01:30:50','2009-08-30 14:52:00',911,883,931,84,'SMTLine_94','PCB_AY'),(194,'2009-09-05 15:19:04','2009-09-10 07:02:08','2009-09-08 09:38:27','2009-09-10 01:32:50',1364,1269,1371,85,'SMTLine_95','PCB_AQ'),(195,'2009-09-16 00:51:39','2009-09-21 18:12:52','2009-09-18 17:49:52','2009-09-19 16:23:32',937,849,987,86,'SMTLine_96','PCB_AV'),(196,'2009-09-26 17:02:21','2009-10-01 11:40:02','2009-09-27 15:56:01','2009-10-02 11:56:18',1490,1429,1492,87,'SMTLine_97','PCB_AY'),(197,'2009-10-06 08:33:23','2009-10-11 21:59:45','2009-10-08 18:34:33','2009-10-12 06:37:52',1156,1068,1184,88,'SMTLine_98','PCB_AR'),(198,'2009-10-15 20:57:10','2009-10-19 18:48:55','2009-10-17 10:16:27','2009-10-20 01:17:30',833,786,850,89,'SMTLine_00','PCB_AM'),(199,'2009-10-24 17:37:21','2009-10-28 11:45:34','2009-10-26 11:37:51','2009-10-27 22:05:11',1428,1352,1478,90,'SMTLine_01','PCB_AM'),(200,'2009-11-01 08:35:07','2009-11-05 23:57:58','2009-10-30 18:07:31','2009-11-04 08:31:24',1028,1023,1067,91,'SMTLine_02','PCB_AS'),(201,'2009-11-10 07:00:01','2009-11-15 06:25:05','2009-11-08 10:24:29','2009-11-15 04:00:26',1466,1458,1482,92,'SMTLine_03','PCB_AC'),(202,'2009-11-20 05:21:05','2009-11-25 06:44:18','2009-11-19 18:45:02','2009-11-22 11:29:17',925,844,946,93,'SMTLine_04','PCB_AJ'),(203,'2009-11-29 11:48:18','2009-12-04 13:40:10','2009-11-29 12:51:21','2009-12-05 14:01:05',638,612,680,94,'SMTLine_05','PCB_AR'),(204,'2009-12-08 15:01:11','2009-12-13 15:23:58','2009-12-06 13:12:17','2009-12-12 04:48:51',1028,940,1063,95,'SMTLine_06','PCB_AN'),(205,'2009-12-18 13:44:05','2009-12-23 07:08:06','2009-12-18 02:37:44','2009-12-25 06:59:22',1251,1181,1279,96,'SMTLine_07','PCB_AJ'),(206,'2009-12-27 11:02:43','2010-01-01 01:21:32','2009-12-26 00:43:23','2010-01-01 06:37:52',1264,1195,1280,97,'SMTLine_08','PCB_AO'),(207,'2010-01-06 07:36:47','2010-01-10 15:05:31','2010-01-04 18:34:09','2010-01-08 23:17:56',978,953,994,98,'SMTLine_09','PCB_AJ'),(208,'2010-01-15 13:28:12','2010-01-20 13:13:18','2010-01-15 18:06:51','2010-01-23 05:34:50',1101,1093,1110,99,'SMTLine_10','PCB_AN'),(218,'2010-04-17 04:51:09','2010-04-21 05:02:41','2010-04-16 14:27:14','2010-04-21 06:22:58',1167,1151,1216,0,'SMTLine_20','PCB_AH'),(219,'2010-04-26 08:09:54','2010-05-01 13:57:14','2010-04-29 06:24:16','2010-04-29 10:36:51',985,924,1009,1,'SMTLine_21','PCB_AJ'),(220,'2010-05-05 08:47:34','2010-05-10 06:13:16','2010-05-06 16:42:50','2010-05-09 15:10:12',1173,1090,1208,2,'SMTLine_22','PCB_AM'),(221,'2010-05-15 22:24:25','2010-05-20 17:31:54','2010-05-17 16:34:02','2010-05-18 16:01:56',635,570,646,3,'SMTLine_23','PCB_AP'),(222,'2010-05-25 05:32:35','2010-05-30 03:38:06','2010-05-26 12:02:48','2010-05-27 18:15:29',1218,1137,1220,4,'SMTLine_24','PCB_AR'),(223,'2010-06-04 00:22:21','2010-06-09 04:23:15','2010-06-02 22:27:41','2010-06-07 05:13:55',845,746,869,5,'SMTLine_25','PCB_AQ'),(224,'2010-06-13 14:41:35','2010-06-19 10:46:10','2010-06-15 17:09:31','2010-06-19 10:46:10',1290,1242,1328,6,'SMTLine_26','PCB_AB'),(225,'2010-06-24 10:55:06','2010-06-28 23:56:22','2010-06-24 22:12:20','2010-06-27 02:29:57',1205,1193,1233,7,'SMTLine_27','PCB_AW'),(226,'2010-07-03 00:44:00','2010-07-09 04:05:40','2010-07-04 17:49:52','2010-07-08 16:00:20',1397,1328,1436,8,'SMTLine_28','PCB_AV'),(227,'2010-07-13 07:57:53','2010-07-19 04:43:38','2010-07-12 23:35:05','2010-07-19 15:56:59',568,546,570,9,'SMTLine_29','PCB_AW'),(228,'2010-07-22 22:31:24','2010-07-27 14:22:32','2010-07-23 17:26:04','2010-07-29 04:13:33',1374,1334,1380,10,'SMTLine_30','PCB_AE'),(229,'2010-08-01 17:25:16','2010-08-06 15:03:20','2010-08-01 03:57:45','2010-08-05 00:55:35',660,609,701,11,'SMTLine_31','PCB_AQ'),(230,'2010-08-11 01:44:26','2010-08-14 19:28:04','2010-08-09 07:36:10','2010-08-13 15:55:14',1342,1303,1350,12,'SMTLine_32','PCB_AF'),(231,'2010-08-19 08:02:24','2010-08-23 20:09:49','2010-08-20 21:04:28','2010-08-22 17:25:33',869,857,919,13,'SMTLine_33','PCB_AF'),(232,'2010-08-27 07:48:38','2010-08-31 20:27:08','2010-08-26 18:26:57','2010-08-30 06:16:51',1099,1022,1122,14,'SMTLine_34','PCB_AF'),(233,'2010-09-05 02:04:46','2010-09-10 03:29:33','2010-09-03 08:28:11','2010-09-10 03:29:33',851,782,858,15,'SMTLine_35','PCB_AR'),(234,'2010-09-14 18:30:35','2010-09-19 04:07:19','2010-09-14 16:52:06','2010-09-17 01:49:24',1335,1264,1370,16,'SMTLine_36','PCB_AV'),(235,'2010-09-23 13:20:32','2010-09-27 20:30:27','2010-09-22 00:41:41','2010-09-28 06:39:47',1124,1064,1140,17,'SMTLine_37','PCB_AE'),(236,'2010-10-02 23:44:17','2010-10-08 03:14:06','2010-10-03 02:48:38','2010-10-05 17:53:24',731,653,742,18,'SMTLine_38','PCB_AI'),(237,'2010-10-13 11:17:52','2010-10-17 21:33:21','2010-10-15 02:50:34','2010-10-16 05:30:23',554,487,574,19,'SMTLine_39','PCB_AA'),(238,'2010-10-22 10:02:41','2010-10-27 16:03:44','2010-10-23 04:21:20','2010-10-26 03:51:12',837,756,840,20,'SMTLine_40','PCB_AV'),(239,'2010-11-01 15:26:11','2010-11-05 22:07:55','2010-11-02 22:09:59','2010-11-04 03:08:59',808,724,823,21,'SMTLine_41','PCB_AN'),(240,'2010-11-10 08:34:26','2010-11-14 10:54:53','2010-11-10 07:07:58','2010-11-12 17:29:33',1278,1214,1291,22,'SMTLine_42','PCB_AS'),(241,'2010-11-18 12:49:11','2010-11-23 12:13:08','2010-11-17 02:25:07','2010-11-24 06:42:57',1051,1047,1064,23,'SMTLine_43','PCB_AT'),(242,'2010-11-27 10:34:05','2010-12-01 03:42:41','2010-11-28 04:26:10','2010-11-30 22:49:40',946,899,986,24,'SMTLine_44','PCB_AL'),(243,'2010-12-05 01:00:49','2010-12-10 16:19:00','2010-12-07 05:15:35','2010-12-10 17:41:43',1173,1100,1219,25,'SMTLine_45','PCB_AW'),(244,'2010-12-15 05:21:19','2010-12-19 05:49:15','2010-12-16 08:27:30','2010-12-18 05:00:30',1266,1170,1308,26,'SMTLine_46','PCB_AG'),(245,'2010-12-24 11:20:28','2010-12-29 10:51:46','2010-12-23 05:36:36','2010-12-29 15:46:31',586,511,634,27,'SMTLine_47','PCB_AT'),(246,'2011-01-04 22:45:47','2011-01-09 14:43:59','2011-01-01 17:42:59','2011-01-08 19:28:04',1073,1015,1110,28,'SMTLine_48','PCB_AX'),(247,'2011-01-14 04:53:41','2011-01-19 02:32:43','2011-01-14 09:58:49','2011-01-20 06:38:21',1466,1419,1513,29,'SMTLine_49','PCB_AD'),(248,'2011-01-24 13:06:14','2011-01-29 14:47:15','2011-01-26 11:10:47','2011-01-27 06:07:19',952,875,990,30,'SMTLine_50','PCB_AD'),(249,'2011-02-04 09:36:43','2011-02-08 03:48:19','2011-02-05 21:16:41','2011-02-09 00:21:52',857,795,867,31,'SMTLine_51','PCB_AR'),(250,'2011-02-13 07:28:31','2011-02-17 00:39:58','2011-02-10 11:00:18','2011-02-18 19:37:19',578,513,613,32,'SMTLine_52','PCB_AO'),(251,'2011-02-21 16:05:45','2011-02-24 12:55:31','2011-02-19 17:54:37','2011-02-25 19:40:07',730,637,765,33,'SMTLine_53','PCB_AY'),(252,'2011-03-01 05:24:03','2011-03-05 20:39:30','2011-03-02 08:08:26','2011-03-07 18:29:56',1406,1341,1446,34,'SMTLine_54','PCB_AB'),(253,'2011-03-10 04:20:11','2011-03-15 00:21:04','2011-03-10 12:20:11','2011-03-15 21:17:50',1171,1117,1193,35,'SMTLine_55','PCB_AX'),(254,'2011-03-20 06:42:23','2011-03-25 21:35:12','2011-03-21 22:03:38','2011-03-24 06:11:41',1484,1471,1484,36,'SMTLine_56','PCB_AK'),(255,'2011-03-30 12:02:48','2011-04-04 11:48:40','2011-03-31 22:28:52','2011-04-01 20:55:20',521,475,530,37,'SMTLine_57','PCB_AT'),(256,'2011-04-09 04:38:22','2011-04-14 03:54:18','2011-04-07 01:02:58','2011-04-15 02:30:14',963,927,993,38,'SMTLine_58','PCB_AU'),(257,'2011-04-19 04:45:36','2011-04-23 11:00:00','2011-04-18 00:34:03','2011-04-23 18:18:23',1235,1205,1285,39,'SMTLine_59','PCB_AB'),(258,'2011-04-27 12:03:14','2011-05-03 12:19:16','2011-04-26 03:48:48','2011-04-30 15:37:15',1269,1169,1317,40,'SMTLine_60','PCB_AK'),(259,'2011-05-08 01:29:22','2011-05-13 00:42:32','2011-05-08 21:04:37','2011-05-10 19:15:24',991,899,1028,41,'SMTLine_61','PCB_AU'),(260,'2011-05-16 22:57:25','2011-05-22 04:25:31','2011-05-16 07:07:08','2011-05-22 10:21:50',989,908,1011,42,'SMTLine_62','PCB_AV'),(261,'2011-05-27 08:43:00','2011-05-31 09:52:29','2011-05-27 19:30:27','2011-05-31 23:32:53',1357,1259,1384,43,'SMTLine_63','PCB_AQ'),(262,'2011-06-05 01:11:34','2011-06-09 20:04:13','2011-06-04 21:33:01','2011-06-10 17:52:00',1486,1420,1528,44,'SMTLine_64','PCB_AS'),(263,'2011-06-14 19:54:36','2011-06-19 00:03:46','2011-06-13 15:30:32','2011-06-19 14:26:29',1043,983,1080,45,'SMTLine_65','PCB_AR'),(264,'2011-06-22 14:48:46','2011-06-27 07:46:24','2011-06-21 18:47:07','2011-06-27 09:16:09',549,526,585,46,'SMTLine_66','PCB_AS'),(265,'2011-07-02 02:25:29','2011-07-05 10:53:16','2011-07-03 19:00:33','2011-07-05 17:42:42',1421,1394,1470,47,'SMTLine_67','PCB_AK'),(266,'2011-07-11 01:45:00','2011-07-16 07:15:24','2011-07-11 14:59:36','2011-07-16 01:21:08',1057,1054,1102,48,'SMTLine_68','PCB_AB'),(267,'2011-07-20 07:16:00','2011-07-24 15:25:13','2011-07-18 19:46:45','2011-07-25 00:42:14',1183,1169,1203,49,'SMTLine_69','PCB_AZ'),(268,'2011-07-29 20:09:48','2011-08-02 17:58:48','2011-07-29 09:19:48','2011-08-01 14:25:59',1076,983,1089,50,'SMTLine_70','PCB_AV'),(269,'2011-08-07 21:18:42','2011-08-12 10:55:02','2011-08-09 10:02:36','2011-08-11 08:15:02',1379,1327,1429,51,'SMTLine_71','PCB_AF'),(270,'2011-08-16 09:52:02','2011-08-21 07:41:42','2011-08-17 20:47:30','2011-08-18 21:39:04',921,827,932,52,'SMTLine_72','PCB_AG'),(271,'2011-08-26 01:56:49','2011-08-30 17:57:26','2011-08-26 05:51:07','2011-08-30 00:00:55',648,628,676,53,'SMTLine_73','PCB_AE'),(272,'2011-09-04 21:23:45','2011-09-10 02:10:18','2011-09-03 22:49:37','2011-09-08 06:43:18',1151,1149,1185,54,'SMTLine_74','PCB_AO'),(273,'2011-09-14 22:08:17','2011-09-20 01:37:09','2011-09-17 00:02:25','2011-09-18 01:46:15',598,597,620,55,'SMTLine_75','PCB_AT'),(274,'2011-09-24 02:16:49','2011-09-29 07:01:38','2011-09-25 01:20:35','2011-09-28 05:42:41',942,843,952,56,'SMTLine_76','PCB_AO'),(275,'2011-10-03 09:23:57','2011-10-07 15:18:59','2011-10-03 06:42:05','2011-10-09 16:01:37',1280,1186,1283,57,'SMTLine_77','PCB_AB'),(276,'2011-10-12 07:59:55','2011-10-17 00:58:25','2011-10-10 15:42:31','2011-10-15 07:43:42',658,576,704,58,'SMTLine_78','PCB_AL'),(277,'2011-10-21 01:10:01','2011-10-26 11:52:22','2011-10-20 01:58:56','2011-10-26 21:23:42',1325,1233,1331,59,'SMTLine_79','PCB_AC'),(278,'2011-10-30 18:27:51','2011-11-04 04:45:16','2011-10-31 10:26:14','2011-11-03 06:53:48',950,922,954,60,'SMTLine_80','PCB_AG'),(279,'2011-11-09 10:26:16','2011-11-14 04:04:21','2011-11-11 07:28:10','2011-11-13 10:46:19',735,685,761,61,'SMTLine_81','PCB_AY'),(280,'2011-11-17 18:22:33','2011-11-23 00:11:05','2011-11-17 09:52:48','2011-11-21 13:01:57',920,875,946,62,'SMTLine_82','PCB_AW'),(281,'2011-11-27 04:16:18','2011-12-02 00:00:40','2011-11-29 01:11:16','2011-12-02 15:47:22',1172,1115,1174,63,'SMTLine_83','PCB_AB'),(282,'2011-12-07 07:36:32','2011-12-12 09:17:58','2011-12-05 22:02:09','2011-12-10 16:10:32',1210,1183,1226,64,'SMTLine_84','PCB_AY'),(283,'2011-12-17 09:19:27','2011-12-22 14:09:40','2011-12-19 16:12:42','2011-12-20 16:00:15',1103,1057,1110,65,'SMTLine_85','PCB_AA'),(284,'2011-12-26 14:36:40','2011-12-30 12:20:44','2011-12-28 06:34:36','2011-12-31 04:17:57',654,608,674,66,'SMTLine_86','PCB_AE'),(285,'2012-01-04 21:04:09','2012-01-09 22:44:10','2012-01-05 02:25:08','2012-01-09 12:28:12',704,681,717,67,'SMTLine_87','PCB_AJ'),(286,'2012-01-14 07:16:02','2012-01-19 19:09:51','2012-01-16 19:59:14','2012-01-21 13:20:00',781,746,800,68,'SMTLine_88','PCB_AB'),(287,'2012-01-24 18:35:52','2012-01-28 20:54:08','2012-01-26 18:42:29','2012-01-30 05:49:23',787,735,827,69,'SMTLine_89','PCB_AG'),(288,'2012-02-01 11:55:53','2012-02-07 16:57:15','2012-01-30 13:12:59','2012-02-07 23:06:29',614,562,661,70,'SMTLine_90','PCB_AQ'),(289,'2012-02-13 11:19:53','2012-02-18 12:53:57','2012-02-11 00:29:08','2012-02-19 18:37:37',698,643,707,71,'SMTLine_91','PCB_AH'),(290,'2012-02-23 10:28:23','2012-02-28 03:02:59','2012-02-23 22:48:07','2012-02-27 11:15:16',1016,965,1036,72,'SMTLine_92','PCB_AG'),(291,'2012-03-03 22:11:09','2012-03-09 09:23:52','2012-03-04 23:02:00','2012-03-10 18:46:36',537,486,576,73,'SMTLine_93','PCB_AX'),(292,'2012-03-13 07:30:12','2012-03-17 22:28:46','2012-03-12 20:07:15','2012-03-19 23:14:47',995,943,1025,74,'SMTLine_94','PCB_AZ'),(293,'2012-03-23 13:44:13','2012-03-28 16:44:19','2012-03-23 09:03:21','2012-03-29 19:01:12',571,540,610,75,'SMTLine_95','PCB_AX'),(294,'2012-04-02 02:30:04','2012-04-06 12:43:51','2012-04-01 09:06:31','2012-04-07 00:14:06',1356,1269,1395,76,'SMTLine_96','PCB_AW'),(295,'2012-04-10 17:37:20','2012-04-15 09:52:26','2012-04-10 17:22:43','2012-04-16 12:00:16',1224,1181,1238,77,'SMTLine_97','PCB_AF'),(296,'2012-04-19 17:34:15','2012-04-25 13:40:49','2012-04-19 05:54:47','2012-04-24 01:07:48',816,778,845,78,'SMTLine_98','PCB_AQ'),(297,'2012-04-29 22:47:55','2012-05-04 10:39:32','2012-04-29 07:54:07','2012-05-05 21:32:40',1422,1394,1461,79,'SMTLine_00','PCB_AP'),(298,'2012-05-09 19:44:59','2012-05-14 16:05:27','2012-05-10 17:17:04','2012-05-15 15:04:36',1280,1184,1283,80,'SMTLine_01','PCB_AH'),(299,'2012-05-19 05:20:21','2012-05-24 14:42:05','2012-05-20 04:00:34','2012-05-24 04:06:58',1031,931,1076,81,'SMTLine_02','PCB_AO'),(300,'2012-05-28 13:39:06','2012-06-01 16:06:53','2012-05-29 05:47:19','2012-05-31 03:44:59',950,922,986,82,'SMTLine_03','PCB_AN'),(301,'2012-06-07 14:02:49','2012-06-11 03:25:35','2012-06-08 11:38:34','2012-06-10 18:35:01',556,488,605,83,'SMTLine_04','PCB_AH'),(302,'2012-06-16 12:18:26','2012-06-19 19:38:44','2012-06-15 20:30:36','2012-06-18 03:31:49',720,672,749,84,'SMTLine_05','PCB_AM'),(303,'2012-06-24 07:30:14','2012-06-28 21:07:47','2012-06-22 09:07:33','2012-06-28 23:59:32',886,815,913,85,'SMTLine_06','PCB_AT'),(304,'2012-07-04 15:46:08','2012-07-09 07:07:37','2012-07-05 00:10:19','2012-07-09 01:23:16',1221,1214,1259,86,'SMTLine_07','PCB_AV'),(305,'2012-07-14 01:15:40','2012-07-19 03:06:33','2012-07-12 10:29:21','2012-07-17 02:15:11',1020,1002,1050,87,'SMTLine_08','PCB_AI'),(306,'2012-07-24 18:09:03','2012-07-29 08:26:16','2012-07-27 05:49:44','2012-07-30 12:40:41',1353,1341,1389,88,'SMTLine_09','PCB_AR'),(307,'2012-08-03 02:03:26','2012-08-10 05:05:38','2012-08-01 22:38:46','2012-08-10 05:25:23',735,657,737,89,'SMTLine_10','PCB_AZ'),(308,'2012-08-15 00:15:56','2012-08-20 17:02:03','2012-08-13 22:58:28','2012-08-17 19:39:45',1361,1319,1402,90,'SMTLine_11','PCB_AD'),(309,'2012-08-25 21:30:48','2012-08-30 03:25:00','2012-08-25 21:30:48','2012-08-28 05:30:16',1174,1166,1207,91,'SMTLine_12','PCB_AA'),(310,'2012-09-03 09:26:11','2012-09-08 19:37:53','2012-09-03 09:26:11','2012-09-08 10:47:47',860,838,866,92,'SMTLine_13','PCB_AW'),(311,'2012-09-13 21:17:49','2012-09-18 00:09:36','2012-09-15 22:26:38','2012-09-16 14:46:52',1356,1345,1404,93,'SMTLine_14','PCB_AN'),(312,'2012-09-23 01:26:43','2012-09-27 07:51:42','2012-09-23 09:09:14','2012-09-27 12:13:21',1281,1227,1315,94,'SMTLine_15','PCB_AQ'),(313,'2012-10-03 05:44:29','2012-10-07 08:11:52','2012-10-03 13:31:17','2012-10-05 10:20:59',1262,1172,1283,95,'SMTLine_16','PCB_AX'),(314,'2012-10-11 13:16:21','2012-10-16 15:50:14','2012-10-12 16:36:24','2012-10-16 02:14:41',1157,1133,1203,96,'SMTLine_17','PCB_AS'),(315,'2012-10-21 13:47:01','2012-10-26 07:18:27','2012-10-20 12:10:54','2012-10-24 22:42:31',1324,1305,1329,97,'SMTLine_18','PCB_AT'),(316,'2012-10-30 16:04:05','2012-11-04 14:09:56','2012-10-28 16:16:03','2012-11-03 21:54:35',618,599,665,98,'SMTLine_19','PCB_AY'),(317,'2012-11-09 04:38:40','2012-11-14 15:27:17','2012-11-08 02:37:14','2012-11-12 19:53:44',740,738,767,99,'SMTLine_20','PCB_AX'),(327,'2013-02-10 18:46:31','2013-02-15 07:05:27','2013-02-09 22:17:12','2013-02-14 02:09:54',513,470,533,0,'SMTLine_30','PCB_AD'),(328,'2013-02-20 03:24:38','2013-02-24 07:04:37','2013-02-21 10:03:48','2013-02-24 05:43:29',1076,1023,1125,1,'SMTLine_31','PCB_AS'),(329,'2013-03-01 11:50:39','2013-03-07 00:57:32','2013-03-03 17:04:36','2013-03-05 20:35:47',1347,1321,1382,2,'SMTLine_32','PCB_AG'),(330,'2013-03-11 05:22:51','2013-03-15 10:21:36','2013-03-10 20:49:55','2013-03-15 14:30:56',948,905,990,3,'SMTLine_33','PCB_AU'),(331,'2013-03-20 05:15:26','2013-03-24 21:24:49','2013-03-21 07:09:33','2013-03-23 18:22:13',995,931,997,4,'SMTLine_34','PCB_AH'),(332,'2013-03-29 02:33:40','2013-04-01 23:53:09','2013-03-27 12:50:01','2013-04-01 21:21:45',752,736,797,5,'SMTLine_35','PCB_AM'),(333,'2013-04-07 11:53:15','2013-04-11 08:13:49','2013-04-09 20:02:01','2013-04-13 01:51:27',851,753,882,6,'SMTLine_36','PCB_AG'),(334,'2013-04-16 13:34:30','2013-04-22 03:17:38','2013-04-14 05:16:21','2013-04-23 04:00:13',769,762,780,7,'SMTLine_37','PCB_AI'),(335,'2013-04-27 08:06:58','2013-05-02 09:39:44','2013-04-27 17:14:41','2013-05-02 21:38:36',983,913,992,8,'SMTLine_38','PCB_AK'),(336,'2013-05-07 06:09:59','2013-05-11 21:35:52','2013-05-09 08:41:41','2013-05-10 04:33:29',553,508,591,9,'SMTLine_39','PCB_AU'),(337,'2013-05-16 12:37:35','2013-05-21 15:45:48','2013-05-15 10:16:47','2013-05-23 05:40:49',1313,1282,1346,10,'SMTLine_40','PCB_AR'),(338,'2013-05-25 11:21:11','2013-05-29 21:05:16','2013-05-24 11:53:57','2013-05-29 06:45:49',1499,1482,1506,11,'SMTLine_41','PCB_AD'),(339,'2013-06-03 05:26:42','2013-06-08 16:13:43','2013-06-05 07:25:44','2013-06-08 16:13:43',1279,1254,1287,12,'SMTLine_42','PCB_AH'),(340,'2013-06-13 18:18:43','2013-06-18 20:17:12','2013-06-14 17:01:30','2013-06-17 08:45:23',1385,1376,1413,13,'SMTLine_43','PCB_AJ'),(341,'2013-06-23 20:33:43','2013-06-28 06:04:22','2013-06-26 12:22:47','2013-06-27 07:41:40',1099,1074,1129,14,'SMTLine_44','PCB_AQ'),(342,'2013-07-02 16:04:55','2013-07-06 23:21:43','2013-07-02 13:04:03','2013-07-07 12:17:37',1172,1073,1202,15,'SMTLine_45','PCB_AJ'),(343,'2013-07-11 07:54:15','2013-07-15 18:44:26','2013-07-13 01:51:48','2013-07-15 12:25:57',814,718,831,16,'SMTLine_46','PCB_AU'),(344,'2013-07-20 14:23:15','2013-07-24 20:49:51','2013-07-20 19:03:33','2013-07-26 19:17:26',1280,1230,1316,17,'SMTLine_47','PCB_AP'),(345,'2013-07-30 10:20:08','2013-08-05 07:21:22','2013-07-30 05:15:01','2013-08-06 09:40:45',1199,1122,1238,18,'SMTLine_48','PCB_AT'),(346,'2013-08-10 02:34:24','2013-08-14 07:43:39','2013-08-11 23:02:40','2013-08-16 08:43:29',1339,1252,1384,19,'SMTLine_49','PCB_AF'),(347,'2013-08-19 00:24:29','2013-08-24 19:35:08','2013-08-16 21:07:38','2013-08-27 12:50:33',853,763,864,20,'SMTLine_50','PCB_AM'),(348,'2013-08-30 02:44:02','2013-09-04 05:12:59','2013-08-28 11:44:13','2013-09-05 14:50:31',1478,1411,1527,21,'SMTLine_51','PCB_AI'),(349,'2013-09-09 06:29:50','2013-09-14 00:19:31','2013-09-08 09:33:36','2013-09-14 10:59:46',1178,1152,1200,22,'SMTLine_52','PCB_AJ'),(350,'2013-09-18 15:01:32','2013-09-23 05:43:08','2013-09-19 00:47:20','2013-09-23 05:43:08',1170,1143,1190,23,'SMTLine_53','PCB_AM'),(351,'2013-09-28 07:31:37','2013-10-04 12:33:02','2013-09-28 20:44:37','2013-10-04 08:02:47',1204,1115,1222,24,'SMTLine_54','PCB_AI'),(352,'2013-10-09 16:39:06','2013-10-14 21:35:47','2013-10-12 01:07:58','2013-10-12 23:15:46',1105,1014,1138,25,'SMTLine_55','PCB_AP'),(353,'2013-10-19 19:16:12','2013-10-26 07:03:04','2013-10-19 04:43:30','2013-10-28 21:50:21',932,845,942,26,'SMTLine_56','PCB_AC'),(354,'2013-10-31 03:03:24','2013-11-05 14:57:06','2013-11-02 14:38:20','2013-11-05 00:38:54',630,585,666,27,'SMTLine_57','PCB_AW'),(355,'2013-11-09 17:46:16','2013-11-14 05:43:24','2013-11-10 00:51:34','2013-11-15 09:10:21',552,519,596,28,'SMTLine_58','PCB_AW'),(356,'2013-11-17 07:01:25','2013-11-22 02:13:27','2013-11-18 05:02:07','2013-11-23 02:37:34',918,880,961,29,'SMTLine_59','PCB_AT'),(357,'2013-11-27 17:27:04','2013-12-01 11:35:23','2013-11-24 18:11:45','2013-12-01 13:14:20',592,508,640,30,'SMTLine_60','PCB_AE'),(358,'2013-12-05 16:12:29','2013-12-09 15:34:12','2013-12-04 14:36:31','2013-12-11 16:59:56',1124,1073,1151,31,'SMTLine_61','PCB_AD'),(359,'2013-12-15 11:46:25','2013-12-20 12:36:48','2013-12-15 03:00:33','2013-12-21 20:28:00',677,630,682,32,'SMTLine_62','PCB_AF'),(360,'2013-12-25 08:58:02','2013-12-30 09:26:07','2013-12-23 10:18:23','2013-12-30 08:25:36',1465,1412,1514,33,'SMTLine_63','PCB_AO'),(361,'2014-01-03 20:12:08','2014-01-08 17:56:55','2014-01-03 20:12:08','2014-01-10 10:58:23',1033,998,1055,34,'SMTLine_64','PCB_AW'),(362,'2014-01-12 11:59:53','2014-01-16 10:38:38','2014-01-13 18:43:15','2014-01-16 12:15:49',1372,1367,1403,35,'SMTLine_65','PCB_AB'),(363,'2014-01-20 10:32:14','2014-01-25 00:15:59','2014-01-18 19:50:24','2014-01-24 18:03:32',737,698,756,36,'SMTLine_66','PCB_AZ'),(364,'2014-01-28 19:54:40','2014-02-02 21:48:10','2014-01-27 03:52:19','2014-02-01 21:47:26',1042,945,1070,37,'SMTLine_67','PCB_AV'),(365,'2014-02-08 13:27:23','2014-02-12 11:44:08','2014-02-09 15:09:55','2014-02-12 10:44:29',583,555,590,38,'SMTLine_68','PCB_AK'),(366,'2014-02-18 12:07:28','2014-02-22 13:01:43','2014-02-17 10:46:54','2014-02-24 14:23:26',1015,991,1044,39,'SMTLine_69','PCB_AK'),(367,'2014-02-27 04:14:08','2014-03-04 02:58:58','2014-02-26 08:03:05','2014-03-04 02:58:58',1289,1250,1321,40,'SMTLine_70','PCB_AU'),(368,'2014-03-09 01:53:34','2014-03-13 23:25:15','2014-03-06 18:23:22','2014-03-12 05:24:08',1155,1119,1168,41,'SMTLine_71','PCB_AT'),(369,'2014-03-18 13:16:45','2014-03-22 09:46:31','2014-03-19 07:11:22','2014-03-22 13:48:56',1063,998,1105,42,'SMTLine_72','PCB_AZ'),(370,'2014-03-27 06:12:16','2014-04-01 18:54:18','2014-03-27 09:47:17','2014-04-02 12:43:12',979,903,983,43,'SMTLine_73','PCB_AW'),(371,'2014-04-06 12:55:21','2014-04-09 18:11:53','2014-04-06 05:47:37','2014-04-08 05:48:55',1353,1289,1395,44,'SMTLine_74','PCB_AA'),(372,'2014-04-13 23:43:44','2014-04-17 17:26:52','2014-04-12 09:44:18','2014-04-15 20:41:17',1103,1015,1151,45,'SMTLine_75','PCB_AK'),(373,'2014-04-21 22:50:28','2014-04-25 19:45:56','2014-04-20 16:39:15','2014-04-26 23:57:48',1304,1244,1341,46,'SMTLine_76','PCB_AJ'),(374,'2014-04-30 09:53:45','2014-05-04 16:09:07','2014-04-29 19:01:08','2014-05-04 16:09:07',1017,948,1033,47,'SMTLine_77','PCB_AA'),(375,'2014-05-12 02:20:51','2014-05-17 07:59:05','2014-05-13 21:24:30','2014-05-17 07:59:05',559,535,568,48,'SMTLine_78','PCB_AD'),(376,'2014-05-22 05:02:01','2014-05-26 21:56:59','2014-05-20 02:36:57','2014-05-28 13:42:19',1251,1250,1265,49,'SMTLine_79','PCB_AP'),(377,'2014-05-31 13:31:05','2014-06-05 14:36:35','2014-06-02 21:24:13','2014-06-03 06:19:06',824,789,843,50,'SMTLine_80','PCB_AH'),(378,'2014-06-10 17:03:10','2014-06-16 04:58:49','2014-06-12 09:01:23','2014-06-15 14:26:20',1140,1058,1185,51,'SMTLine_81','PCB_AL'),(379,'2014-06-21 14:59:31','2014-06-26 20:21:50','2014-06-19 05:08:22','2014-06-24 22:12:49',1355,1298,1387,52,'SMTLine_82','PCB_AC'),(380,'2014-07-01 12:19:24','2014-07-05 13:49:02','2014-07-02 20:51:37','2014-07-05 22:33:38',736,676,737,53,'SMTLine_83','PCB_AU'),(381,'2014-07-10 14:57:44','2014-07-15 12:47:56','2014-07-10 11:31:31','2014-07-13 18:24:51',791,714,809,54,'SMTLine_84','PCB_AN'),(382,'2014-07-20 11:43:51','2014-07-25 04:19:18','2014-07-20 19:29:33','2014-07-27 04:05:17',1088,993,1121,55,'SMTLine_85','PCB_AX'),(383,'2014-07-30 03:32:17','2014-08-04 05:15:05','2014-08-01 09:39:51','2014-08-01 09:39:51',714,631,721,56,'SMTLine_86','PCB_AF'),(384,'2014-08-09 05:34:35','2014-08-14 08:52:49','2014-08-09 14:08:34','2014-08-16 19:04:53',687,588,696,57,'SMTLine_87','PCB_AE'),(385,'2014-08-18 09:37:50','2014-08-22 12:50:33','2014-08-16 20:24:25','2014-08-21 02:35:45',525,492,530,58,'SMTLine_88','PCB_AX'),(386,'2014-08-27 09:03:37','2014-09-01 02:23:40','2014-08-28 04:23:27','2014-08-31 04:16:04',1151,1123,1188,59,'SMTLine_89','PCB_AK'),(387,'2014-09-05 13:25:59','2014-09-10 09:26:17','2014-09-06 18:03:54','2014-09-08 18:51:16',1102,1040,1126,60,'SMTLine_90','PCB_AA'),(388,'2014-09-15 23:46:12','2014-09-21 01:07:50','2014-09-13 19:55:03','2014-09-21 06:15:25',673,648,678,61,'SMTLine_91','PCB_AO'),(389,'2014-09-25 02:28:30','2014-09-30 21:30:01','2014-09-24 02:58:17','2014-10-01 19:07:09',872,819,915,62,'SMTLine_92','PCB_AM'),(390,'2014-10-06 10:28:33','2014-10-12 01:55:08','2014-10-08 06:04:09','2014-10-14 11:43:22',637,613,646,63,'SMTLine_93','PCB_AD'),(391,'2014-10-17 10:28:54','2014-10-22 19:40:48','2014-10-19 18:34:21','2014-10-21 10:45:22',623,578,627,64,'SMTLine_94','PCB_AQ'),(392,'2014-10-27 10:30:58','2014-11-02 02:32:45','2014-10-27 05:06:54','2014-11-02 04:19:42',784,691,822,65,'SMTLine_95','PCB_AD'),(393,'2014-11-06 04:07:36','2014-11-11 09:26:13','2014-11-04 12:34:06','2014-11-12 22:49:42',1203,1115,1246,66,'SMTLine_96','PCB_AR'),(394,'2014-11-16 04:09:24','2014-11-21 18:23:11','2014-11-19 03:41:45','2014-11-21 08:49:53',1048,975,1078,67,'SMTLine_97','PCB_AW'),(395,'2014-11-26 07:35:19','2014-12-01 12:12:24','2014-11-26 07:35:19','2014-12-03 11:01:33',1479,1465,1515,68,'SMTLine_98','PCB_AV'),(396,'2014-12-06 18:08:44','2014-12-11 04:55:21','2014-12-04 03:00:53','2014-12-10 13:03:02',912,890,947,69,'SMTLine_00','PCB_AW'),(397,'2014-12-16 15:09:53','2014-12-20 22:33:04','2014-12-16 07:09:18','2014-12-22 14:54:18',1439,1354,1480,70,'SMTLine_01','PCB_AY'),(398,'2014-12-24 16:49:08','2014-12-28 18:36:01','2014-12-25 11:22:04','2014-12-27 09:23:14',589,572,596,71,'SMTLine_02','PCB_AC'),(399,'2015-01-01 10:02:50','2015-01-05 18:27:17','2014-12-30 23:15:05','2015-01-07 20:10:40',684,596,692,72,'SMTLine_03','PCB_AR'),(400,'2015-01-11 08:39:11','2015-01-16 00:33:03','2015-01-10 05:27:36','2015-01-15 14:44:30',1371,1321,1414,73,'SMTLine_04','PCB_AT'),(401,'2015-01-20 10:59:37','2015-01-25 07:41:08','2015-01-21 11:44:34','2015-01-27 12:27:02',1498,1416,1543,74,'SMTLine_05','PCB_AQ'),(402,'2015-01-29 17:05:01','2015-02-03 10:21:58','2015-01-29 14:53:54','2015-02-03 10:21:58',1107,1090,1144,75,'SMTLine_06','PCB_AR'),(403,'2015-02-08 04:56:07','2015-02-12 12:22:36','2015-02-07 16:36:58','2015-02-11 17:39:50',880,863,920,76,'SMTLine_07','PCB_AH'),(404,'2015-02-16 19:05:31','2015-02-20 17:34:34','2015-02-18 20:10:25','2015-02-20 07:31:54',944,845,956,77,'SMTLine_08','PCB_AT'),(405,'2015-02-24 12:29:08','2015-03-01 07:44:25','2015-02-26 08:50:44','2015-02-27 09:49:06',986,928,987,78,'SMTLine_09','PCB_AK'),(406,'2015-03-08 04:00:56','2015-03-12 11:17:47','2015-03-08 22:25:11','2015-03-11 10:17:24',763,677,802,79,'SMTLine_10','PCB_AH'),(407,'2015-03-17 06:51:10','2015-03-22 19:30:20','2015-03-15 22:28:01','2015-03-21 20:07:51',1230,1219,1268,80,'SMTLine_11','PCB_AP'),(408,'2015-03-27 00:50:35','2015-04-01 07:49:47','2015-03-26 15:09:16','2015-04-01 10:21:21',1473,1448,1496,81,'SMTLine_12','PCB_AU'),(409,'2015-04-05 06:55:02','2015-04-10 05:36:16','2015-04-05 09:31:29','2015-04-08 02:51:15',1170,1092,1190,82,'SMTLine_13','PCB_AU'),(410,'2015-04-15 13:18:41','2015-04-19 21:55:50','2015-04-17 10:59:24','2015-04-20 23:27:27',1263,1221,1304,83,'SMTLine_14','PCB_AV'),(411,'2015-04-25 08:11:30','2015-04-29 12:48:38','2015-04-25 08:54:59','2015-04-30 21:05:18',561,469,570,84,'SMTLine_15','PCB_AK'),(412,'2015-05-05 08:40:59','2015-05-09 19:37:51','2015-05-04 01:21:59','2015-05-08 11:53:43',1354,1287,1381,85,'SMTLine_16','PCB_AQ'),(413,'2015-05-13 05:52:17','2015-05-17 07:39:19','2015-05-11 20:42:59','2015-05-16 05:36:43',1171,1168,1178,86,'SMTLine_17','PCB_AZ'),(414,'2015-05-21 14:11:43','2015-05-25 18:53:51','2015-05-20 15:51:29','2015-05-25 18:53:51',1380,1370,1383,87,'SMTLine_18','PCB_AQ'),(415,'2015-05-31 02:22:44','2015-06-05 01:42:54','2015-06-02 04:22:23','2015-06-06 08:55:01',623,604,673,88,'SMTLine_19','PCB_AS'),(416,'2015-06-09 08:48:35','2015-06-13 22:52:36','2015-06-07 18:23:31','2015-06-12 18:10:41',1470,1415,1482,89,'SMTLine_20','PCB_AD'),(417,'2015-06-18 08:13:08','2015-06-22 18:31:44','2015-06-17 19:22:36','2015-06-24 05:26:24',851,804,882,90,'SMTLine_21','PCB_AE'),(418,'2015-06-26 08:10:25','2015-06-30 17:04:05','2015-06-24 11:24:48','2015-07-01 16:20:21',717,680,723,91,'SMTLine_22','PCB_AP'),(419,'2015-07-05 16:59:52','2015-07-10 07:48:16','2015-07-04 09:47:48','2015-07-12 16:33:22',1239,1208,1241,92,'SMTLine_23','PCB_AD'),(420,'2015-07-15 04:28:44','2015-07-19 09:55:55','2015-07-14 17:23:12','2015-07-21 14:11:31',1322,1293,1330,93,'SMTLine_24','PCB_AY'),(421,'2015-07-23 19:46:11','2015-07-28 07:23:16','2015-07-22 01:14:20','2015-07-29 18:58:47',919,841,958,94,'SMTLine_25','PCB_AM'),(422,'2015-08-02 04:13:48','2015-08-06 17:56:39','2015-08-02 04:13:48','2015-08-04 03:25:54',608,597,612,95,'SMTLine_26','PCB_AS'),(423,'2015-08-11 19:25:56','2015-08-16 03:21:32','2015-08-10 04:53:25','2015-08-14 23:35:27',1229,1183,1254,96,'SMTLine_27','PCB_AW'),(424,'2015-08-20 08:33:08','2015-08-24 05:32:48','2015-08-21 15:47:40','2015-08-25 20:06:57',1141,1096,1175,97,'SMTLine_28','PCB_AD'),(425,'2015-08-28 11:19:28','2015-09-03 20:04:36','2015-08-26 18:50:42','2015-09-05 07:12:06',892,834,941,98,'SMTLine_29','PCB_AC'),(426,'2015-09-09 00:32:23','2015-09-13 23:53:21','2015-09-08 23:50:34','2015-09-13 18:11:39',1432,1427,1457,99,'SMTLine_30','PCB_AJ'),(436,'2015-12-10 03:17:45','2015-12-15 04:27:25','2015-12-12 15:38:22','2015-12-13 20:14:26',1424,1420,1451,0,'SMTLine_40','PCB_AV'),(437,'2015-12-19 03:03:29','2015-12-23 10:30:48','2015-12-18 05:44:01','2015-12-25 21:58:20',828,752,861,1,'SMTLine_41','PCB_AI'),(438,'2015-12-28 16:17:56','2016-01-03 16:54:09','2015-12-31 12:21:40','2016-01-01 05:25:52',1026,951,1043,2,'SMTLine_42','PCB_AL'),(439,'2016-01-08 12:34:23','2016-01-14 06:12:45','2016-01-11 09:25:55','2016-01-16 08:08:22',1405,1405,1434,3,'SMTLine_43','PCB_AL'),(440,'2016-01-19 06:48:26','2016-01-24 13:30:52','2016-01-19 06:48:26','2016-01-23 05:08:22',1049,950,1087,4,'SMTLine_44','PCB_AF'),(441,'2016-01-29 07:52:54','2016-02-02 09:52:15','2016-01-28 09:08:04','2016-01-31 16:38:22',698,628,732,5,'SMTLine_45','PCB_AD'),(442,'2016-02-07 00:01:39','2016-02-12 00:01:00','2016-02-06 05:54:29','2016-02-10 18:09:51',1163,1092,1206,6,'SMTLine_46','PCB_AP'),(443,'2016-02-16 17:52:07','2016-02-21 00:09:05','2016-02-18 08:44:37','2016-02-21 08:05:14',1327,1320,1377,7,'SMTLine_47','PCB_AQ'),(444,'2016-02-25 03:37:35','2016-02-29 21:52:39','2016-02-23 15:25:49','2016-03-02 16:58:57',1213,1186,1234,8,'SMTLine_48','PCB_AB'),(445,'2016-03-05 05:40:33','2016-03-10 15:38:32','2016-03-03 21:23:56','2016-03-11 22:11:45',1204,1172,1235,9,'SMTLine_49','PCB_AJ'),(446,'2016-03-16 07:46:20','2016-03-22 14:16:40','2016-03-14 05:03:51','2016-03-20 17:13:44',505,458,549,10,'SMTLine_50','PCB_AG'),(447,'2016-03-27 20:28:17','2016-04-01 05:26:54','2016-03-25 14:22:57','2016-04-01 17:01:08',705,703,706,11,'SMTLine_51','PCB_AL'),(448,'2016-04-05 06:14:59','2016-04-08 22:44:43','2016-04-05 05:48:21','2016-04-07 07:07:18',1377,1297,1382,12,'SMTLine_52','PCB_AJ'),(449,'2016-04-14 11:57:16','2016-04-20 02:07:10','2016-04-13 23:46:08','2016-04-21 16:15:55',640,548,660,13,'SMTLine_53','PCB_AZ'),(450,'2016-04-23 16:43:30','2016-04-28 10:39:55','2016-04-22 19:00:08','2016-04-29 22:15:10',787,745,790,14,'SMTLine_54','PCB_AI'),(451,'2016-05-02 20:39:02','2016-05-07 20:09:13','2016-05-01 13:35:10','2016-05-08 02:45:51',676,587,720,15,'SMTLine_55','PCB_AH'),(452,'2016-05-11 23:20:11','2016-05-17 02:12:29','2016-05-11 16:53:04','2016-05-17 05:59:45',753,677,803,16,'SMTLine_56','PCB_AA'),(453,'2016-05-22 05:04:58','2016-05-28 03:05:54','2016-05-24 15:08:01','2016-05-29 20:55:10',1236,1206,1272,17,'SMTLine_57','PCB_AZ'),(454,'2016-06-03 00:08:16','2016-06-06 23:39:18','2016-06-05 02:37:52','2016-06-09 23:49:48',708,700,739,18,'SMTLine_58','PCB_AH'),(455,'2016-06-12 10:45:58','2016-06-17 06:33:36','2016-06-10 20:05:51','2016-06-18 10:04:43',1206,1144,1240,19,'SMTLine_59','PCB_AU'),(456,'2016-06-20 22:32:51','2016-06-25 23:05:32','2016-06-20 13:49:08','2016-06-27 21:13:09',1247,1241,1254,20,'SMTLine_60','PCB_AN'),(457,'2016-06-30 04:18:38','2016-07-04 00:03:08','2016-06-30 14:01:18','2016-07-05 17:56:01',1449,1439,1486,21,'SMTLine_61','PCB_AJ'),(458,'2016-07-08 17:31:58','2016-07-13 00:39:02','2016-07-09 06:40:48','2016-07-13 11:51:26',854,767,904,22,'SMTLine_62','PCB_AJ'),(459,'2016-07-17 03:52:59','2016-07-23 11:11:46','2016-07-16 15:28:37','2016-07-23 17:52:41',727,676,751,23,'SMTLine_63','PCB_AB'),(460,'2016-07-27 05:08:09','2016-07-31 11:17:36','2016-07-27 03:10:50','2016-08-01 16:12:28',1348,1338,1362,24,'SMTLine_64','PCB_AL'),(461,'2016-08-06 08:14:30','2016-08-11 19:23:54','2016-08-05 15:03:07','2016-08-12 06:20:11',504,468,514,25,'SMTLine_65','PCB_AT'),(462,'2016-08-17 20:02:38','2016-08-22 02:32:26','2016-08-14 12:06:55','2016-08-22 00:17:57',1499,1400,1512,26,'SMTLine_66','PCB_AK'),(463,'2016-08-27 19:23:54','2016-09-01 13:21:54','2016-08-26 23:32:02','2016-08-31 06:10:11',664,592,685,27,'SMTLine_67','PCB_AT'),(464,'2016-09-05 22:56:51','2016-09-10 21:18:24','2016-09-06 07:01:49','2016-09-10 11:55:21',1132,1102,1179,28,'SMTLine_68','PCB_AF'),(465,'2016-09-14 15:22:23','2016-09-19 22:43:06','2016-09-12 19:37:31','2016-09-21 14:15:52',1393,1327,1409,29,'SMTLine_69','PCB_AV'),(466,'2016-09-24 19:22:42','2016-09-30 03:03:50','2016-09-26 03:25:19','2016-09-29 21:33:47',1437,1412,1460,30,'SMTLine_70','PCB_AU'),(467,'2016-10-04 16:48:22','2016-10-09 18:46:09','2016-10-07 08:05:25','2016-10-07 22:17:37',929,905,946,31,'SMTLine_71','PCB_AS'),(468,'2016-10-14 12:09:28','2016-10-19 18:19:57','2016-10-12 01:34:56','2016-10-17 01:14:51',1228,1217,1269,32,'SMTLine_72','PCB_AY'),(469,'2016-10-25 21:04:30','2016-10-30 23:38:23','2016-10-26 20:30:19','2016-10-29 07:13:38',779,704,828,33,'SMTLine_73','PCB_AR'),(470,'2016-11-05 02:05:43','2016-11-10 04:17:21','2016-11-06 23:50:59','2016-11-10 03:44:18',1489,1444,1514,34,'SMTLine_74','PCB_AM'),(471,'2016-11-13 15:40:22','2016-11-18 06:24:16','2016-11-12 04:18:18','2016-11-21 16:07:27',637,614,649,35,'SMTLine_75','PCB_AA'),(472,'2016-11-23 07:30:17','2016-11-27 16:50:53','2016-11-21 17:33:43','2016-11-27 13:13:45',783,783,812,36,'SMTLine_76','PCB_AK'),(473,'2016-12-03 06:36:12','2016-12-08 07:20:35','2016-12-04 06:27:43','2016-12-08 07:44:38',627,581,627,37,'SMTLine_77','PCB_AT'),(474,'2016-12-12 14:30:59','2016-12-17 12:50:32','2016-12-13 08:29:42','2016-12-17 06:38:52',768,708,787,38,'SMTLine_78','PCB_AT'),(475,'2016-12-22 17:48:30','2016-12-27 16:54:23','2016-12-22 07:14:53','2016-12-29 19:37:04',1020,992,1069,39,'SMTLine_79','PCB_AL'),(476,'2016-12-31 21:30:51','2017-01-06 03:46:41','2016-12-30 20:19:01','2017-01-04 00:24:34',516,431,549,40,'SMTLine_80','PCB_AL'),(477,'2017-01-09 14:38:36','2017-01-14 11:48:58','2017-01-09 18:08:16','2017-01-15 19:58:20',1243,1211,1259,41,'SMTLine_81','PCB_AJ'),(478,'2017-01-19 19:50:20','2017-01-24 07:32:06','2017-01-21 13:10:33','2017-01-24 08:29:02',607,514,656,42,'SMTLine_82','PCB_AT'),(479,'2017-01-29 03:25:08','2017-02-03 14:12:27','2017-01-31 15:38:51','2017-02-05 04:41:00',680,661,684,43,'SMTLine_83','PCB_AG'),(480,'2017-02-08 09:22:09','2017-02-14 07:29:42','2017-02-06 22:36:09','2017-02-15 05:54:10',834,787,859,44,'SMTLine_84','PCB_AB'),(481,'2017-02-18 06:47:42','2017-02-22 15:00:39','2017-02-19 00:13:31','2017-02-21 02:51:46',1140,1118,1185,45,'SMTLine_85','PCB_AH'),(482,'2017-02-27 02:09:10','2017-03-03 06:26:45','2017-02-28 07:27:58','2017-03-01 11:20:25',1413,1370,1420,46,'SMTLine_86','PCB_AM'),(483,'2017-03-08 03:35:09','2017-03-12 12:05:09','2017-03-09 23:56:37','2017-03-12 20:28:35',1111,1074,1119,47,'SMTLine_87','PCB_AB'),(484,'2017-03-16 06:55:56','2017-03-20 19:44:31','2017-03-16 08:18:54','2017-03-23 22:41:11',568,526,581,48,'SMTLine_88','PCB_AI'),(485,'2017-03-27 13:49:58','2017-04-01 04:26:18','2017-03-26 08:59:31','2017-04-03 18:36:06',506,465,548,49,'SMTLine_89','PCB_AR'),(486,'2017-04-06 15:53:14','2017-04-12 03:02:04','2017-04-04 23:57:23','2017-04-10 14:22:45',582,543,618,50,'SMTLine_90','PCB_AD'),(487,'2017-04-16 14:51:20','2017-04-21 12:28:51','2017-04-18 15:13:35','2017-04-19 11:13:52',541,450,541,51,'SMTLine_91','PCB_AW'),(488,'2017-04-26 08:57:33','2017-05-01 00:53:58','2017-04-27 05:31:00','2017-05-01 19:18:26',1185,1110,1218,52,'SMTLine_92','PCB_AW'),(489,'2017-05-05 12:20:23','2017-05-09 10:47:08','2017-05-06 01:26:34','2017-05-10 10:03:22',1180,1161,1181,53,'SMTLine_93','PCB_AQ'),(490,'2017-05-14 12:21:45','2017-05-18 13:26:49','2017-05-15 10:35:39','2017-05-19 16:06:50',1306,1207,1345,54,'SMTLine_94','PCB_AJ'),(491,'2017-05-24 09:19:21','2017-05-29 02:03:19','2017-05-23 12:39:14','2017-05-28 03:42:20',1060,975,1073,55,'SMTLine_95','PCB_AK'),(492,'2017-06-03 00:22:20','2017-06-07 17:30:34','2017-06-03 02:21:38','2017-06-05 05:25:25',1262,1208,1282,56,'SMTLine_96','PCB_AR'),(493,'2017-06-12 02:48:39','2017-06-16 19:28:05','2017-06-13 18:08:12','2017-06-18 17:20:00',1330,1310,1360,57,'SMTLine_97','PCB_AX'),(494,'2017-06-21 10:46:44','2017-06-25 15:29:05','2017-06-21 15:50:54','2017-06-24 04:47:29',1007,965,1010,58,'SMTLine_98','PCB_AP'),(495,'2017-06-30 09:16:02','2017-07-05 09:57:37','2017-07-01 19:37:46','2017-07-05 16:28:16',513,414,515,59,'SMTLine_00','PCB_AK'),(496,'2017-07-09 04:40:50','2017-07-13 02:46:31','2017-07-08 20:11:05','2017-07-11 10:38:49',1300,1242,1338,60,'SMTLine_01','PCB_AW'),(497,'2017-07-17 11:01:20','2017-07-22 10:50:57','2017-07-18 05:18:56','2017-07-21 09:18:54',906,844,940,61,'SMTLine_02','PCB_AS'),(498,'2017-07-27 16:29:08','2017-08-01 04:11:32','2017-07-26 17:30:10','2017-07-31 23:13:09',1214,1178,1256,62,'SMTLine_03','PCB_AN'),(499,'2017-08-05 04:13:57','2017-08-10 00:08:33','2017-08-05 14:51:05','2017-08-08 10:27:14',893,817,914,63,'SMTLine_04','PCB_AM'),(500,'2017-08-16 06:47:52','2017-08-20 10:20:03','2017-08-18 12:20:37','2000-01-01 01:00:00',1266,1199,1435,64,'SMTLine_05','PCB_AB'),(501,'2017-08-24 00:55:35','2017-08-28 09:04:02','2017-08-25 03:28:30','2000-01-01 01:00:00',563,478,948,65,'SMTLine_06','PCB_AZ'),(502,'2017-09-01 07:29:09','2017-09-05 15:05:04','2017-09-02 00:28:23','2000-01-01 01:00:00',1149,1146,1498,66,'SMTLine_07','PCB_AI'),(503,'2017-09-09 13:06:36','2017-09-15 00:39:49','2017-09-10 11:59:23','2000-01-01 01:00:00',1472,1451,1869,67,'SMTLine_08','PCB_AB'),(504,'2017-09-19 23:59:09','2017-09-25 16:04:09','2017-09-19 04:43:43','2000-01-01 01:00:00',1174,1112,1536,68,'SMTLine_09','PCB_AF'),(505,'2017-09-30 06:45:17','2017-10-04 16:26:33','2017-09-30 00:34:56','2000-01-01 01:00:00',967,956,1251,69,'SMTLine_10','PCB_AC'),(506,'2017-10-09 12:15:38','2017-10-14 10:08:14','2017-10-07 09:29:10','2000-01-01 01:00:00',798,753,1217,70,'SMTLine_11','PCB_AW'),(507,'2017-10-20 00:42:03','2017-10-24 03:02:03','2017-10-20 09:19:53','2000-01-01 01:00:00',812,801,1054,71,'SMTLine_12','PCB_AR'),(508,'2017-10-28 09:52:15','2017-11-03 04:13:19','2017-10-28 08:16:54','2000-01-01 01:00:00',1176,1082,1356,72,'SMTLine_13','PCB_AT'),(509,'2017-11-07 18:34:50','2017-11-14 04:35:59','2017-11-05 15:44:11','2000-01-01 01:00:00',1046,1017,1485,73,'SMTLine_14','PCB_AS'),(510,'2017-11-19 19:39:03','2017-11-23 12:29:48','2017-11-20 16:56:40','2000-01-01 01:00:00',984,961,1117,74,'SMTLine_15','PCB_AD'),(511,'2017-11-28 02:11:01','2017-12-01 23:16:13','2017-11-26 03:56:05','2000-01-01 01:00:00',1206,1197,1380,75,'SMTLine_16','PCB_AY'),(512,'2017-12-07 21:58:16','2017-12-13 07:50:59','2017-12-09 11:52:09','2000-01-01 01:00:00',1375,1298,1801,76,'SMTLine_17','PCB_AH'),(513,'2017-12-19 02:24:32','2017-12-23 21:48:54','2017-12-21 05:36:43','2000-01-01 01:00:00',1292,1217,1546,77,'SMTLine_18','PCB_AF'),(514,'2017-12-29 12:14:30','2018-01-03 06:42:16','2017-12-30 03:10:04','2000-01-01 01:00:00',945,868,1065,78,'SMTLine_19','PCB_AW'),(515,'2018-01-08 20:10:25','2018-01-13 09:12:21','2018-01-07 01:14:26','2000-01-01 01:00:00',881,831,998,79,'SMTLine_20','PCB_AX'),(517,'2018-01-28 00:29:35','2018-01-31 18:53:39','2018-01-25 17:21:21','2000-01-01 01:00:00',1313,1313,1427,81,'SMTLine_22','PCB_AF'),(518,'2018-02-05 09:20:55','2018-02-09 22:42:19','2018-02-06 09:07:34','2000-01-01 01:00:00',1289,1202,1471,82,'SMTLine_23','PCB_AQ'),(519,'2018-02-14 00:10:54','2018-02-18 02:09:26','2018-02-13 15:07:30','2000-01-01 01:00:00',553,477,907,83,'SMTLine_24','PCB_AF'),(521,'2018-03-02 10:47:21','2018-03-06 21:50:02','2018-03-02 08:15:14','2000-01-01 01:00:00',759,689,986,85,'SMTLine_26','PCB_AW'),(522,'2018-03-11 13:34:31','2018-03-16 10:12:51','2018-03-13 21:38:32','2000-01-01 01:00:00',729,694,861,86,'SMTLine_27','PCB_AL'),(523,'2018-03-22 06:41:43','2018-03-26 17:00:54','2018-03-22 06:41:43','2000-01-01 01:00:00',574,515,745,87,'SMTLine_28','PCB_AF'),(524,'2018-03-31 18:10:32','2018-04-05 00:46:09','2018-03-30 00:12:50','2000-01-01 01:00:00',853,821,1062,88,'SMTLine_29','PCB_AL'),(526,'2018-04-17 23:57:19','2018-04-23 07:03:25','2018-04-17 09:23:17','2000-01-01 01:00:00',1032,956,1266,90,'SMTLine_31','PCB_AO'),(527,'2018-04-29 05:12:54','2018-05-03 17:37:11','2018-04-30 19:54:25','2000-01-01 01:00:00',1211,1164,1495,91,'SMTLine_32','PCB_AP'),(528,'2018-05-08 02:26:31','2018-05-12 22:55:03','2018-05-10 12:27:03','2000-01-01 01:00:00',628,545,1089,92,'SMTLine_33','PCB_AT'),(530,'2018-05-27 01:21:42','2018-06-01 15:24:49','2018-05-25 17:16:52','2000-01-01 01:00:00',1434,1403,1674,94,'SMTLine_35','PCB_AF'),(531,'2018-06-07 15:41:43','2018-06-12 07:47:23','2018-06-07 23:11:20','2000-01-01 01:00:00',1293,1214,1670,95,'SMTLine_36','PCB_AV'),(532,'2018-06-17 15:33:40','2018-06-22 12:25:19','2018-06-17 09:27:09','2000-01-01 01:00:00',1345,1316,1730,96,'SMTLine_37','PCB_AK'),(535,'2018-07-15 06:22:03','2018-07-20 02:29:52','2018-07-13 17:51:22','2000-01-01 01:00:00',974,893,1088,99,'SMTLine_40','PCB_AE'),(536,'2018-07-25 09:03:37','2018-07-30 10:08:55','2018-07-26 01:49:26','2000-01-01 01:00:00',1323,1251,1543,100,'SMTLine_41','PCB_AX'),(537,'2018-08-03 09:00:56','2018-08-07 09:47:19','2018-08-05 22:55:28','2000-01-01 01:00:00',643,609,1101,101,'SMTLine_42','PCB_AH'),(538,'2018-08-11 12:56:20','2018-08-16 07:50:41','2018-08-09 13:03:16','2000-01-01 01:00:00',515,446,619,102,'SMTLine_43','PCB_AN'),(539,'2018-08-20 14:10:15','2018-08-25 02:12:49','2018-08-21 21:46:10','2000-01-01 01:00:00',1154,1106,1547,103,'SMTLine_44','PCB_AC'),(540,'2018-08-30 07:11:53','2018-09-03 07:12:32','2018-08-29 19:55:11','2000-01-01 01:00:00',735,700,931,104,'SMTLine_45','PCB_AV'),(541,'2018-09-08 18:53:19','2018-09-12 20:15:27','2018-09-09 18:09:24','2000-01-01 01:00:00',961,868,1193,105,'SMTLine_46','PCB_AS'),(543,'2018-09-28 13:36:05','2018-10-02 13:47:50','2018-09-26 05:17:23','2000-01-01 01:00:00',1282,1239,1419,107,'SMTLine_48','PCB_AR'),(544,'2018-10-07 21:07:37','2018-10-13 12:31:56','2018-10-11 00:29:12','2000-01-01 01:00:00',931,896,1298,108,'SMTLine_49','PCB_AN'),(545,'2018-10-18 08:07:54','2018-10-23 11:11:59','2018-10-18 20:52:03','2000-01-01 01:00:00',1035,952,1183,0,'SMTLine_50','PCB_AU'),(547,'2018-11-08 10:36:55','2018-11-13 08:56:46','2018-11-07 06:32:37','2000-01-01 01:00:00',1286,1260,1428,2,'SMTLine_52','PCB_AY'),(548,'2018-11-18 17:36:15','2018-11-24 00:22:05','2018-11-16 00:18:04','2000-01-01 01:00:00',1291,1291,1614,3,'SMTLine_53','PCB_AN'),(549,'2018-11-27 23:15:16','2018-12-03 05:45:46','2018-11-25 20:09:05','2000-01-01 01:00:00',1446,1363,1750,4,'SMTLine_54','PCB_AO'),(550,'2018-12-08 11:12:54','2018-12-13 05:18:15','2018-12-07 07:36:30','2000-01-01 01:00:00',1333,1327,1474,5,'SMTLine_55','PCB_AP'),(551,'2018-12-17 23:49:45','2018-12-22 08:22:07','2018-12-18 08:33:23','2000-01-01 01:00:00',1112,1074,1315,6,'SMTLine_56','PCB_AV'),(552,'2018-12-27 16:22:39','2019-01-02 01:12:59','2018-12-29 23:54:33','2000-01-01 01:00:00',1030,980,1280,7,'SMTLine_57','PCB_AA'),(553,'2019-01-07 02:11:44','2019-01-11 15:22:07','2019-01-06 10:22:08','2000-01-01 01:00:00',1101,1061,1571,8,'SMTLine_58','PCB_AH'),(554,'2019-01-15 17:18:39','2019-01-19 16:38:55','2019-01-17 12:55:49','2000-01-01 01:00:00',914,833,1221,9,'SMTLine_59','PCB_AQ'),(555,'2019-01-24 11:51:50','2019-01-28 00:17:48','2019-01-26 02:49:24','2000-01-01 01:00:00',1042,1008,1148,10,'SMTLine_60','PCB_AB'),(556,'2019-02-01 11:20:59','2019-02-06 08:35:06','2019-02-01 10:31:58','2000-01-01 01:00:00',807,747,1280,11,'SMTLine_61','PCB_AD'),(557,'2019-02-11 21:59:30','2019-02-16 00:49:46','2019-02-10 05:04:42','2000-01-01 01:00:00',594,552,802,12,'SMTLine_62','PCB_AD'),(559,'2019-03-02 14:45:39','2019-03-07 10:06:18','2019-03-04 02:06:28','2000-01-01 01:00:00',1436,1372,1661,14,'SMTLine_64','PCB_AU'),(560,'2019-03-13 04:56:12','2019-03-16 12:06:58','2019-03-12 09:56:41','2000-01-01 01:00:00',1303,1249,1621,15,'SMTLine_65','PCB_AI'),(561,'2019-03-21 07:28:20','2019-03-25 19:48:02','2019-03-20 19:05:45','2000-01-01 01:00:00',1322,1243,1492,16,'SMTLine_66','PCB_AV'),(563,'2019-04-09 14:41:09','2019-04-14 21:36:37','2019-04-09 13:16:57','2000-01-01 01:00:00',1251,1160,1721,18,'SMTLine_68','PCB_AS'),(564,'2019-04-20 05:50:41','2019-04-24 19:55:50','2019-04-21 18:09:44','2000-01-01 01:00:00',692,602,1062,19,'SMTLine_69','PCB_AY'),(565,'2019-04-30 11:11:31','2019-05-04 20:02:33','2019-05-02 10:42:14','2000-01-01 01:00:00',1077,1067,1219,20,'SMTLine_70','PCB_AB'),(566,'2019-05-10 11:27:38','2019-05-15 15:41:46','2019-05-07 07:44:18','2000-01-01 01:00:00',505,412,728,21,'SMTLine_71','PCB_AY'),(567,'2019-05-19 08:20:54','2019-05-24 02:28:41','2019-05-17 03:49:49','2000-01-01 01:00:00',1309,1257,1679,22,'SMTLine_72','PCB_AP'),(568,'2019-05-29 06:03:29','2019-06-04 05:25:32','2019-05-29 12:14:25','2000-01-01 01:00:00',997,938,1199,23,'SMTLine_73','PCB_AA'),(569,'2019-06-09 12:52:28','2019-06-14 10:24:54','2019-06-08 17:15:10','2000-01-01 01:00:00',1359,1343,1789,24,'SMTLine_74','PCB_AD'),(570,'2019-06-18 23:28:30','2019-06-23 11:07:47','2019-06-17 05:26:40','2000-01-01 01:00:00',1155,1132,1434,25,'SMTLine_75','PCB_AA'),(571,'2019-06-27 11:16:54','2019-07-02 02:37:20','2019-06-28 05:32:45','2000-01-01 01:00:00',1048,988,1317,26,'SMTLine_76','PCB_AF'),(572,'2019-07-06 21:11:08','2019-07-11 03:42:24','2019-07-08 00:10:34','2000-01-01 01:00:00',844,838,1316,27,'SMTLine_77','PCB_AQ'),(573,'2019-07-16 15:53:14','2019-07-21 21:48:48','2019-07-16 15:53:14','2000-01-01 01:00:00',549,475,1040,28,'SMTLine_78','PCB_AL'),(574,'2019-07-27 07:01:11','2019-08-01 10:37:08','2019-07-24 21:25:11','2000-01-01 01:00:00',540,452,1009,29,'SMTLine_79','PCB_AL'),(576,'2019-08-14 15:11:51','2019-08-20 04:10:33','2019-08-13 12:55:56','2000-01-01 01:00:00',580,568,965,31,'SMTLine_81','PCB_AO'),(577,'2019-08-24 20:28:22','2019-08-30 04:24:07','2019-08-24 02:50:53','2000-01-01 01:00:00',629,568,792,32,'SMTLine_82','PCB_AW'),(579,'2019-09-10 21:38:39','2019-09-15 07:46:38','2019-09-08 16:15:22','2000-01-01 01:00:00',756,694,1002,34,'SMTLine_84','PCB_AN'),(581,'2019-09-28 17:09:15','2019-10-04 02:39:27','2019-09-28 04:16:25','2000-01-01 01:00:00',1445,1427,1820,36,'SMTLine_86','PCB_AM'),(582,'2019-10-08 10:07:23','2019-10-13 19:10:04','2019-10-07 01:02:19','2000-01-01 01:00:00',568,515,670,37,'SMTLine_87','PCB_AD'),(583,'2019-10-18 08:25:56','2019-10-23 02:50:00','2019-10-18 08:25:56','2000-01-01 01:00:00',1386,1371,1849,38,'SMTLine_88','PCB_AU'),(584,'2019-10-28 17:26:26','2019-11-02 16:34:22','2019-10-30 13:10:10','2000-01-01 01:00:00',717,651,981,39,'SMTLine_89','PCB_AJ'),(585,'2019-11-08 05:45:32','2019-11-13 02:50:36','2019-11-07 05:46:16','2000-01-01 01:00:00',663,576,854,40,'SMTLine_90','PCB_AL'),(586,'2019-11-16 22:26:50','2019-11-21 22:35:34','2019-11-17 06:10:37','2000-01-01 01:00:00',1065,1005,1182,41,'SMTLine_91','PCB_AO'),(587,'2019-11-26 10:35:16','2019-12-01 05:06:56','2019-11-26 04:12:48','2000-01-01 01:00:00',966,876,1401,42,'SMTLine_92','PCB_AZ'),(589,'2019-12-17 22:31:31','2019-12-22 16:09:49','2019-12-19 16:27:02','2000-01-01 01:00:00',950,855,1292,44,'SMTLine_94','PCB_AL'),(590,'2019-12-28 01:52:08','2020-01-01 20:44:44','2019-12-27 00:01:23','2000-01-01 01:00:00',787,761,1124,45,'SMTLine_95','PCB_AC'),(591,'2020-01-06 19:30:40','2020-01-11 17:17:19','2020-01-06 14:10:47','2000-01-01 01:00:00',1272,1183,1400,46,'SMTLine_96','PCB_AH'),(592,'2020-01-16 01:28:15','2020-01-20 13:41:18','2020-01-14 23:51:18','2000-01-01 01:00:00',633,576,1047,47,'SMTLine_97','PCB_AL'),(593,'2020-01-25 03:26:58','2020-01-31 16:00:56','2020-01-26 14:59:20','2000-01-01 01:00:00',1010,972,1281,48,'SMTLine_98','PCB_AP'),(594,'2020-02-05 07:33:06','2020-02-10 06:01:35','2020-02-05 19:33:15','2000-01-01 01:00:00',1160,1101,1617,49,'SMTLine_00','PCB_AH'),(595,'2020-02-14 09:50:22','2020-02-21 01:37:09','2020-02-16 18:47:16','2000-01-01 01:00:00',568,525,865,50,'SMTLine_01','PCB_AY'),(596,'2020-02-25 12:56:03','2020-03-02 20:41:15','2020-02-26 19:30:48','2000-01-01 01:00:00',533,514,805,51,'SMTLine_02','PCB_AU'),(597,'2020-03-08 05:23:14','2020-03-13 23:12:46','2020-03-10 01:03:36','2000-01-01 01:00:00',988,933,1215,52,'SMTLine_03','PCB_AT'),(598,'2020-03-19 14:37:27','2020-03-24 06:48:22','2020-03-18 21:43:32','2000-01-01 01:00:00',1388,1381,1636,53,'SMTLine_04','PCB_AA'),(599,'2020-03-28 02:03:03','2020-03-31 14:54:11','2020-03-29 03:25:18','2000-01-01 01:00:00',1470,1457,1868,54,'SMTLine_05','PCB_AH');
/*!40000 ALTER TABLE `dispatch_order` ENABLE KEYS */;
UNLOCK TABLES;

--
-- Table structure for table `mainboard`
--

DROP TABLE IF EXISTS `mainboard`;
/*!40101 SET @saved_cs_client     = @@character_set_client */;
/*!50503 SET character_set_client = utf8mb4 */;
CREATE TABLE `mainboard` (
  `Mainboard_Number` varchar(6) NOT NULL,
  `Mainboard_Cost` int DEFAULT NULL,
  `Mainboard_Sale_Price` int DEFAULT NULL,
  PRIMARY KEY (`Mainboard_Number`)
) ENGINE=InnoDB DEFAULT CHARSET=utf8mb4 COLLATE=utf8mb4_0900_ai_ci;
/*!40101 SET character_set_client = @saved_cs_client */;

--
-- Dumping data for table `mainboard`
--

LOCK TABLES `mainboard` WRITE;
/*!40000 ALTER TABLE `mainboard` DISABLE KEYS */;
INSERT INTO `mainboard` VALUES ('PCB_AA',534,1682),('PCB_AB',603,1473),('PCB_AC',945,1631),('PCB_AD',914,2110),('PCB_AE',707,1851),('PCB_AF',867,1719),('PCB_AG',670,1478),('PCB_AH',500,1669),('PCB_AI',760,1600),('PCB_AJ',862,1554),('PCB_AK',614,1379),('PCB_AL',865,1971),('PCB_AM',779,1826),('PCB_AN',847,2029),('PCB_AO',661,1589),('PCB_AP',906,1556),('PCB_AQ',575,1253),('PCB_AR',613,1727),('PCB_AS',730,1430),('PCB_AT',941,1937),('PCB_AU',764,1798),('PCB_AV',717,1686),('PCB_AW',778,1459),('PCB_AX',511,1514),('PCB_AY',833,1588),('PCB_AZ',897,1696);
/*!40000 ALTER TABLE `mainboard` ENABLE KEYS */;
UNLOCK TABLES;

--
-- Table structure for table `repair_order`
--

DROP TABLE IF EXISTS `repair_order`;
/*!40101 SET @saved_cs_client     = @@character_set_client */;
/*!50503 SET character_set_client = utf8mb4 */;
CREATE TABLE `repair_order` (
  `Repair_Order_Number` int NOT NULL,
  `Repair_Start_Time` datetime DEFAULT NULL,
  `Repair_End_Time` datetime DEFAULT NULL,
  `Staff_Number` int DEFAULT NULL,
  `U_Line_Number` varchar(10) DEFAULT NULL,
  PRIMARY KEY (`Repair_Order_Number`),
  KEY `Staff_Number` (`Staff_Number`),
  KEY `U_Line_Number` (`U_Line_Number`),
  CONSTRAINT `repair_order_ibfk_1` FOREIGN KEY (`Staff_Number`) REFERENCES `staff` (`Staff_Number`),
  CONSTRAINT `repair_order_ibfk_2` FOREIGN KEY (`U_Line_Number`) REFERENCES `smt_u_line` (`U_Line_Number`)
) ENGINE=InnoDB DEFAULT CHARSET=utf8mb4 COLLATE=utf8mb4_0900_ai_ci;
/*!40101 SET character_set_client = @saved_cs_client */;

--
-- Dumping data for table `repair_order`
--

LOCK TABLES `repair_order` WRITE;
/*!40000 ALTER TABLE `repair_order` DISABLE KEYS */;
INSERT INTO `repair_order` VALUES (100,'2007-03-20 01:32:59','2007-03-24 09:23:25',100,'SMTLine_01'),(101,'2007-03-28 20:05:32','2007-04-02 13:45:41',101,'SMTLine_02'),(102,'2007-04-08 12:06:21','2007-04-11 14:42:23',102,'SMTLine_03'),(103,'2007-04-15 23:47:22','2007-04-19 22:04:36',103,'SMTLine_04'),(104,'2007-04-26 01:17:12','2007-04-30 18:13:23',104,'SMTLine_05'),(105,'2007-05-07 00:22:30','2007-05-12 11:56:59',105,'SMTLine_06'),(106,'2007-05-16 21:08:18','2007-05-20 17:11:26',106,'SMTLine_07'),(107,'2007-05-27 00:20:44','2007-05-30 00:01:45',107,'SMTLine_08'),(108,'2007-06-03 11:08:18','2007-06-08 11:40:09',108,'SMTLine_09'),(209,'2010-01-25 09:52:40','2010-01-29 08:50:43',100,'SMTLine_11'),(210,'2010-02-03 11:52:32','2010-02-07 06:44:12',101,'SMTLine_12'),(211,'2010-02-13 06:42:37','2010-02-18 13:47:10',102,'SMTLine_13'),(212,'2010-02-23 12:42:51','2010-02-28 06:48:46',103,'SMTLine_14'),(213,'2010-03-04 00:31:11','2010-03-09 06:18:52',104,'SMTLine_15'),(214,'2010-03-13 22:12:19','2010-03-18 06:52:33',105,'SMTLine_16'),(215,'2010-03-23 00:13:53','2010-03-27 03:53:18',106,'SMTLine_17'),(216,'2010-03-31 02:33:30','2010-04-05 07:58:08',107,'SMTLine_18'),(217,'2010-04-08 22:15:15','2010-04-12 20:07:04',108,'SMTLine_19'),(318,'2012-11-19 10:57:39','2012-11-24 15:45:57',100,'SMTLine_21'),(319,'2012-11-29 02:03:57','2012-12-03 21:08:39',101,'SMTLine_22'),(320,'2012-12-08 04:01:42','2012-12-12 19:14:53',102,'SMTLine_23'),(321,'2012-12-18 03:26:40','2012-12-23 00:19:06',103,'SMTLine_24'),(322,'2012-12-27 13:09:22','2013-01-01 02:54:46',104,'SMTLine_25'),(323,'2013-01-05 21:21:22','2013-01-10 01:00:41',105,'SMTLine_26'),(324,'2013-01-15 02:44:24','2013-01-19 11:16:05',106,'SMTLine_27'),(325,'2013-01-23 22:59:53','2013-01-29 05:59:14',107,'SMTLine_28'),(326,'2013-02-02 03:14:07','2013-02-05 20:07:06',108,'SMTLine_29'),(427,'2015-09-18 01:44:15','2015-09-24 06:23:46',100,'SMTLine_31'),(428,'2015-09-28 03:20:39','2015-10-03 01:16:20',101,'SMTLine_32'),(429,'2015-10-07 02:25:57','2015-10-10 23:10:54',102,'SMTLine_33'),(430,'2015-10-13 22:53:49','2015-10-19 03:12:39',103,'SMTLine_34'),(431,'2015-10-23 03:27:56','2015-10-27 05:43:48',104,'SMTLine_35'),(432,'2015-11-01 00:44:27','2015-11-06 14:39:23',105,'SMTLine_36'),(433,'2015-11-11 01:27:08','2015-11-16 11:38:45',106,'SMTLine_37'),(434,'2015-11-21 07:51:11','2015-11-25 18:17:24',107,'SMTLine_38'),(435,'2015-11-30 21:51:27','2015-12-04 20:55:47',108,'SMTLine_39'),(516,'2018-01-17 05:03:52','2000-01-01 01:00:00',80,'SMTLine_21'),(520,'2018-02-22 19:07:49','2000-01-01 01:00:00',84,'SMTLine_25'),(525,'2018-04-09 03:02:56','2000-01-01 01:00:00',89,'SMTLine_30'),(529,'2018-05-17 10:12:17','2000-01-01 01:00:00',93,'SMTLine_34'),(533,'2018-06-27 14:08:09','2000-01-01 01:00:00',97,'SMTLine_38'),(534,'2018-07-07 04:46:25','2000-01-01 01:00:00',98,'SMTLine_39'),(542,'2018-09-18 01:40:39','2000-01-01 01:00:00',106,'SMTLine_47'),(546,'2018-10-29 09:05:54','2000-01-01 01:00:00',1,'SMTLine_51'),(558,'2019-02-20 07:04:03','2000-01-01 01:00:00',13,'SMTLine_63'),(562,'2019-03-30 16:24:05','2000-01-01 01:00:00',17,'SMTLine_67'),(575,'2019-08-06 03:31:37','2000-01-01 01:00:00',30,'SMTLine_80'),(578,'2019-09-03 11:01:52','2000-01-01 01:00:00',33,'SMTLine_83'),(580,'2019-09-19 07:39:17','2000-01-01 01:00:00',35,'SMTLine_85'),(588,'2019-12-07 06:59:24','2000-01-01 01:00:00',43,'SMTLine_93');
/*!40000 ALTER TABLE `repair_order` ENABLE KEYS */;
UNLOCK TABLES;

--
-- Table structure for table `smt_u_line`
--

DROP TABLE IF EXISTS `smt_u_line`;
/*!40101 SET @saved_cs_client     = @@character_set_client */;
/*!50503 SET character_set_client = utf8mb4 */;
CREATE TABLE `smt_u_line` (
  `U_Line_Number` varchar(10) NOT NULL,
  `U_Line_Operation_Status` varchar(2) DEFAULT NULL,
  PRIMARY KEY (`U_Line_Number`)
) ENGINE=InnoDB DEFAULT CHARSET=utf8mb4 COLLATE=utf8mb4_0900_ai_ci;
/*!40101 SET character_set_client = @saved_cs_client */;

--
-- Dumping data for table `smt_u_line`
--

LOCK TABLES `smt_u_line` WRITE;
/*!40000 ALTER TABLE `smt_u_line` DISABLE KEYS */;
INSERT INTO `smt_u_line` VALUES ('SMTLine_00',''),('SMTLine_01',''),('SMTLine_02',''),('SMTLine_03',''),('SMTLine_04',''),('SMTLine_05',''),('SMTLine_06',''),('SMTLine_07',''),('SMTLine_08',''),('SMTLine_09',''),('SMTLine_10',''),('SMTLine_11',''),('SMTLine_12',''),('SMTLine_13',''),('SMTLine_14',''),('SMTLine_15',''),('SMTLine_16',''),('SMTLine_17',''),('SMTLine_18',''),('SMTLine_19',''),('SMTLine_20',''),('SMTLine_21',''),('SMTLine_22',''),('SMTLine_23',''),('SMTLine_24',''),('SMTLine_25',''),('SMTLine_26',''),('SMTLine_27',''),('SMTLine_28',''),('SMTLine_29',''),('SMTLine_30',''),('SMTLine_31',''),('SMTLine_32',''),('SMTLine_33',''),('SMTLine_34',''),('SMTLine_35',''),('SMTLine_36',''),('SMTLine_37',''),('SMTLine_38',''),('SMTLine_39',''),('SMTLine_40',''),('SMTLine_41',''),('SMTLine_42',''),('SMTLine_43',''),('SMTLine_44',''),('SMTLine_45',''),('SMTLine_46',''),('SMTLine_47',''),('SMTLine_48',''),('SMTLine_49',''),('SMTLine_50',''),('SMTLine_51',''),('SMTLine_52',''),('SMTLine_53',''),('SMTLine_54',''),('SMTLine_55',''),('SMTLine_56',''),('SMTLine_57',''),('SMTLine_58',''),('SMTLine_59',''),('SMTLine_60',''),('SMTLine_61',''),('SMTLine_62',''),('SMTLine_63',''),('SMTLine_64',''),('SMTLine_65',''),('SMTLine_66',''),('SMTLine_67',''),('SMTLine_68',''),('SMTLine_69',''),('SMTLine_70',''),('SMTLine_71',''),('SMTLine_72',''),('SMTLine_73',''),('SMTLine_74',''),('SMTLine_75',''),('SMTLine_76',''),('SMTLine_77',''),('SMTLine_78',''),('SMTLine_79',''),('SMTLine_80',''),('SMTLine_81',''),('SMTLine_82',''),('SMTLine_83',''),('SMTLine_84',''),('SMTLine_85',''),('SMTLine_86',''),('SMTLine_87',''),('SMTLine_88',''),('SMTLine_89',''),('SMTLine_90',''),('SMTLine_91',''),('SMTLine_92',''),('SMTLine_93',''),('SMTLine_94',''),('SMTLine_95',''),('SMTLine_96',''),('SMTLine_97',''),('SMTLine_98','');
/*!40000 ALTER TABLE `smt_u_line` ENABLE KEYS */;
UNLOCK TABLES;

--
-- Table structure for table `staff`
--

DROP TABLE IF EXISTS `staff`;
/*!40101 SET @saved_cs_client     = @@character_set_client */;
/*!50503 SET character_set_client = utf8mb4 */;
CREATE TABLE `staff` (
  `Staff_Number` int NOT NULL,
  `Staff_Name` varchar(8) DEFAULT NULL,
  `Staff_Sex` char(2) DEFAULT '',
  `Staff_Birth` date DEFAULT NULL,
  `Staff_Work_Type` char(4) DEFAULT NULL,
  PRIMARY KEY (`Staff_Number`),
  CONSTRAINT `staff_chk_1` CHECK ((`Staff_Sex` in (_utf8mb4'',_utf8mb4''))),
  CONSTRAINT `staff_chk_2` CHECK ((`Staff_Work_Type` in (_utf8mb4'',_utf8mb4'')))
) ENGINE=InnoDB DEFAULT CHARSET=utf8mb4 COLLATE=utf8mb4_0900_ai_ci;
/*!40101 SET character_set_client = @saved_cs_client */;

--
-- Dumping data for table `staff`
--

LOCK TABLES `staff` WRITE;
/*!40000 ALTER TABLE `staff` DISABLE KEYS */;
INSERT INTO `staff` VALUES (0,'','','1980-10-22',''),(1,'','','1980-11-03',''),(2,'','','1980-11-11',''),(3,'','','1980-12-26',''),(4,'','','1981-06-27',''),(5,'','','1981-09-27',''),(6,'','','1981-10-22',''),(7,'','','1982-03-12',''),(8,'','','1982-04-05',''),(9,'','','1982-05-31',''),(10,'','','1982-06-25',''),(11,'','','1982-07-29',''),(12,'','','1982-07-31',''),(13,'','','1983-02-06',''),(14,'','','1983-04-10',''),(15,'','','1983-10-07',''),(16,'','','1983-10-11',''),(17,'','','1983-10-28',''),(18,'','','1983-11-02',''),(19,'','','1983-12-04',''),(20,'','','1984-03-16',''),(21,'','','1984-06-14',''),(22,'','','1984-06-21',''),(23,'','','1984-09-30',''),(24,'','','1984-11-16',''),(25,'','','1985-01-04',''),(26,'','','1985-02-11',''),(27,'','','1985-04-07',''),(28,'','','1985-06-03',''),(29,'','','1985-09-07',''),(30,'','','1985-12-03',''),(31,'','','1985-12-31',''),(32,'','','1986-03-17',''),(33,'','','1986-05-08',''),(34,'','','1986-07-19',''),(35,'','','1986-09-18',''),(36,'','','1987-01-07',''),(37,'','','1987-04-10',''),(38,'','','1987-06-21',''),(39,'','','1988-03-01',''),(40,'','','1988-09-04',''),(41,'','','1988-11-01',''),(42,'','','1989-01-07',''),(43,'','','1989-01-18',''),(44,'','','1989-03-06',''),(45,'','','1989-03-11',''),(46,'','','1989-03-25',''),(47,'','','1989-05-10',''),(48,'','','1989-05-22',''),(49,'','','1989-06-02',''),(50,'','','1989-07-09',''),(51,'','','1989-10-10',''),(52,'','','1989-11-06',''),(53,'','','1990-03-19',''),(54,'','','1990-05-30',''),(55,'','','1990-08-11',''),(56,'','','1990-08-26',''),(57,'','','1990-08-27',''),(58,'','','1990-09-05',''),(59,'','','1991-02-10',''),(60,'','','1991-04-11',''),(61,'','','1991-07-31',''),(62,'','','1992-04-15',''),(63,'','','1992-04-24',''),(64,'','','1992-07-14',''),(65,'','','1992-11-30',''),(66,'','','1993-04-04',''),(67,'','','1993-06-17',''),(68,'','','1993-07-15',''),(69,'','','1993-10-31',''),(70,'','','1994-06-09',''),(71,'','','1995-06-08',''),(72,'','','1995-07-08',''),(73,'','','1995-07-23',''),(74,'','','1995-09-07',''),(75,'','','1995-12-21',''),(76,'','','1996-01-05',''),(77,'','','1996-02-12',''),(78,'','','1996-07-27',''),(79,'','','1996-10-11',''),(80,'','','1996-10-15',''),(81,'','','1997-01-12',''),(82,'','','1997-02-12',''),(83,'','','1997-06-20',''),(84,'','','1997-07-15',''),(85,'','','1997-09-15',''),(86,'','','1997-12-08',''),(87,'','','1998-01-03',''),(88,'','','1998-03-02',''),(89,'','','1998-05-19',''),(90,'','','1998-09-19',''),(91,'','','1998-12-08',''),(92,'','','1999-01-10',''),(93,'','','1999-05-03',''),(94,'','','1999-06-06',''),(95,'','','1999-06-23',''),(96,'','','1999-10-04',''),(97,'','','2000-02-11',''),(98,'','','2000-05-12',''),(99,'','','2000-05-15',''),(100,'','','2000-05-30',''),(101,'','','2000-10-15',''),(102,'','','2000-11-26',''),(103,'','','2001-02-18',''),(104,'','','2001-03-06',''),(105,'','','2001-06-27',''),(106,'','','2001-07-29',''),(107,'','','2001-08-23',''),(108,'','','2001-10-25','');
/*!40000 ALTER TABLE `staff` ENABLE KEYS */;
UNLOCK TABLES;

--
-- Temporary view structure for view ``
--

DROP TABLE IF EXISTS ``;
/*!50001 DROP VIEW IF EXISTS ``*/;
SET @saved_cs_client     = @@character_set_client;
/*!50503 SET character_set_client = utf8mb4 */;
/*!50001 CREATE VIEW `` AS SELECT 
 1 AS ``,
 1 AS ``,
 1 AS ``,
 1 AS ``,
 1 AS ``,
 1 AS ``,
 1 AS ``,
 1 AS ``,
 1 AS ``*/;
SET character_set_client = @saved_cs_client;

--
-- Temporary view structure for view `95`
--

DROP TABLE IF EXISTS `95`;
/*!50001 DROP VIEW IF EXISTS `95`*/;
SET @saved_cs_client     = @@character_set_client;
/*!50503 SET character_set_client = utf8mb4 */;
/*!50001 CREATE VIEW `95` AS SELECT 
 1 AS ``,
 1 AS ``*/;
SET character_set_client = @saved_cs_client;

--
-- Temporary view structure for view `96`
--

DROP TABLE IF EXISTS `96`;
/*!50001 DROP VIEW IF EXISTS `96`*/;
SET @saved_cs_client     = @@character_set_client;
/*!50503 SET character_set_client = utf8mb4 */;
/*!50001 CREATE VIEW `96` AS SELECT 
 1 AS ``,
 1 AS ``*/;
SET character_set_client = @saved_cs_client;

--
-- Temporary view structure for view ``
--

DROP TABLE IF EXISTS ``;
/*!50001 DROP VIEW IF EXISTS ``*/;
SET @saved_cs_client     = @@character_set_client;
/*!50503 SET character_set_client = utf8mb4 */;
/*!50001 CREATE VIEW `` AS SELECT 
 1 AS ``,
 1 AS ``,
 1 AS ``*/;
SET character_set_client = @saved_cs_client;

--
-- Temporary view structure for view ``
--

DROP TABLE IF EXISTS ``;
/*!50001 DROP VIEW IF EXISTS ``*/;
SET @saved_cs_client     = @@character_set_client;
/*!50503 SET character_set_client = utf8mb4 */;
/*!50001 CREATE VIEW `` AS SELECT 
 1 AS ``,
 1 AS ``,
 1 AS ``,
 1 AS ``,
 1 AS ``,
 1 AS ``,
 1 AS ``,
 1 AS ``,
 1 AS ``*/;
SET character_set_client = @saved_cs_client;

--
-- Temporary view structure for view ``
--

DROP TABLE IF EXISTS ``;
/*!50001 DROP VIEW IF EXISTS ``*/;
SET @saved_cs_client     = @@character_set_client;
/*!50503 SET character_set_client = utf8mb4 */;
/*!50001 CREATE VIEW `` AS SELECT 
 1 AS ``,
 1 AS ``,
 1 AS ``*/;
SET character_set_client = @saved_cs_client;

--
-- Temporary view structure for view ``
--

DROP TABLE IF EXISTS ``;
/*!50001 DROP VIEW IF EXISTS ``*/;
SET @saved_cs_client     = @@character_set_client;
/*!50503 SET character_set_client = utf8mb4 */;
/*!50001 CREATE VIEW `` AS SELECT 
 1 AS ``,
 1 AS ``,
 1 AS ``,
 1 AS ``*/;
SET character_set_client = @saved_cs_client;

--
-- Temporary view structure for view ``
--

DROP TABLE IF EXISTS ``;
/*!50001 DROP VIEW IF EXISTS ``*/;
SET @saved_cs_client     = @@character_set_client;
/*!50503 SET character_set_client = utf8mb4 */;
/*!50001 CREATE VIEW `` AS SELECT 
 1 AS ``,
 1 AS ``,
 1 AS ``*/;
SET character_set_client = @saved_cs_client;

--
-- Temporary view structure for view ``
--

DROP TABLE IF EXISTS ``;
/*!50001 DROP VIEW IF EXISTS ``*/;
SET @saved_cs_client     = @@character_set_client;
/*!50503 SET character_set_client = utf8mb4 */;
/*!50001 CREATE VIEW `` AS SELECT 
 1 AS ``,
 1 AS ``,
 1 AS ``,
 1 AS ``*/;
SET character_set_client = @saved_cs_client;

--
-- Temporary view structure for view ``
--

DROP TABLE IF EXISTS ``;
/*!50001 DROP VIEW IF EXISTS ``*/;
SET @saved_cs_client     = @@character_set_client;
/*!50503 SET character_set_client = utf8mb4 */;
/*!50001 CREATE VIEW `` AS SELECT 
 1 AS ``,
 1 AS ``*/;
SET character_set_client = @saved_cs_client;

--
-- Temporary view structure for view ``
--

DROP TABLE IF EXISTS ``;
/*!50001 DROP VIEW IF EXISTS ``*/;
SET @saved_cs_client     = @@character_set_client;
/*!50503 SET character_set_client = utf8mb4 */;
/*!50001 CREATE VIEW `` AS SELECT 
 1 AS ``,
 1 AS ``,
 1 AS ``,
 1 AS ``*/;
SET character_set_client = @saved_cs_client;

--
-- Temporary view structure for view ``
--

DROP TABLE IF EXISTS ``;
/*!50001 DROP VIEW IF EXISTS ``*/;
SET @saved_cs_client     = @@character_set_client;
/*!50503 SET character_set_client = utf8mb4 */;
/*!50001 CREATE VIEW `` AS SELECT 
 1 AS ``,
 1 AS ``,
 1 AS ``*/;
SET character_set_client = @saved_cs_client;

--
-- Final view structure for view ``
--

/*!50001 DROP VIEW IF EXISTS ``*/;
/*!50001 SET @saved_cs_client          = @@character_set_client */;
/*!50001 SET @saved_cs_results         = @@character_set_results */;
/*!50001 SET @saved_col_connection     = @@collation_connection */;
/*!50001 SET character_set_client      = utf8mb4 */;
/*!50001 SET character_set_results     = utf8mb4 */;
/*!50001 SET collation_connection      = utf8mb4_general_ci */;
/*!50001 CREATE ALGORITHM=UNDEFINED */
/*!50013 DEFINER=`root`@`localhost` SQL SECURITY DEFINER */
/*!50001 VIEW `` (``,``,``,``,``,``,``,``,``) AS select `mainboard`.`Mainboard_Number` AS `Mainboard_Number`,`mainboard`.`Mainboard_Cost` AS `Mainboard_Cost`,`mainboard`.`Mainboard_Sale_Price` AS `Mainboard_Sale_Price`,sum(`dispatch_order`.`Work_Real_Sum_Number`) AS `SUM(Work_Real_Sum_Number)`,sum(`dispatch_order`.`Work_Real_Qualified_Number`) AS `SUM(Work_Real_Qualified_Number)`,sum(`dispatch_order`.`Work_Plan_Number`) AS `SUM(Work_Plan_Number)`,concat(truncate(((sum(`dispatch_order`.`Work_Real_Qualified_Number`) / sum(`dispatch_order`.`Work_Real_Sum_Number`)) * 100),2),'%') AS `Name_exp_7`,concat(truncate(((sum(`dispatch_order`.`Work_Real_Sum_Number`) / sum(`dispatch_order`.`Work_Plan_Number`)) * 100),2),'%') AS `Name_exp_8`,((`mainboard`.`Mainboard_Sale_Price` * sum(`dispatch_order`.`Work_Real_Qualified_Number`)) - (`mainboard`.`Mainboard_Cost` * sum(`dispatch_order`.`Work_Real_Sum_Number`))) AS `Name_exp_9` from (`mainboard` join `dispatch_order`) where (`mainboard`.`Mainboard_Number` = `dispatch_order`.`Mainboard_Number`) group by `mainboard`.`Mainboard_Number` */;
/*!50001 SET character_set_client      = @saved_cs_client */;
/*!50001 SET character_set_results     = @saved_cs_results */;
/*!50001 SET collation_connection      = @saved_col_connection */;

--
-- Final view structure for view `95`
--

/*!50001 DROP VIEW IF EXISTS `95`*/;
/*!50001 SET @saved_cs_client          = @@character_set_client */;
/*!50001 SET @saved_cs_results         = @@character_set_results */;
/*!50001 SET @saved_col_connection     = @@collation_connection */;
/*!50001 SET character_set_client      = utf8mb4 */;
/*!50001 SET character_set_results     = utf8mb4 */;
/*!50001 SET collation_connection      = utf8mb4_general_ci */;
/*!50001 CREATE ALGORITHM=UNDEFINED */
/*!50013 DEFINER=`root`@`localhost` SQL SECURITY DEFINER */
/*!50001 VIEW `95` (``,``) AS select `smt_u_line`.`U_Line_Number` AS `U_Line_Number`,concat(truncate(((sum(`dispatch_order`.`Work_Real_Qualified_Number`) / sum(`dispatch_order`.`Work_Real_Sum_Number`)) * 100),2),'%') AS `Name_exp_2` from (`smt_u_line` join `dispatch_order`) where ((`smt_u_line`.`U_Line_Number` = `dispatch_order`.`U_Line_Number`) and (`dispatch_order`.`Work_Real_End_Time` <> '2000-01-01 01:00:00')) group by `smt_u_line`.`U_Line_Number` having ((sum(`dispatch_order`.`Work_Real_Qualified_Number`) / sum(`dispatch_order`.`Work_Real_Sum_Number`)) >= 0.95) */;
/*!50001 SET character_set_client      = @saved_cs_client */;
/*!50001 SET character_set_results     = @saved_cs_results */;
/*!50001 SET collation_connection      = @saved_col_connection */;

--
-- Final view structure for view `96`
--

/*!50001 DROP VIEW IF EXISTS `96`*/;
/*!50001 SET @saved_cs_client          = @@character_set_client */;
/*!50001 SET @saved_cs_results         = @@character_set_results */;
/*!50001 SET @saved_col_connection     = @@collation_connection */;
/*!50001 SET character_set_client      = utf8mb4 */;
/*!50001 SET character_set_results     = utf8mb4 */;
/*!50001 SET collation_connection      = utf8mb4_general_ci */;
/*!50001 CREATE ALGORITHM=UNDEFINED */
/*!50013 DEFINER=`root`@`localhost` SQL SECURITY DEFINER */
/*!50001 VIEW `96` (``,``) AS select `smt_u_line`.`U_Line_Number` AS `U_Line_Number`,concat(truncate(((sum(`dispatch_order`.`Work_Real_Qualified_Number`) / sum(`dispatch_order`.`Work_Real_Sum_Number`)) * 100),2),'%') AS `Name_exp_2` from (`smt_u_line` join `dispatch_order`) where ((`smt_u_line`.`U_Line_Number` = `dispatch_order`.`U_Line_Number`) and (`dispatch_order`.`Work_Real_End_Time` <> '2000-01-01 01:00:00')) group by `smt_u_line`.`U_Line_Number` having ((sum(`dispatch_order`.`Work_Real_Qualified_Number`) / sum(`dispatch_order`.`Work_Real_Sum_Number`)) >= 0.96) */;
/*!50001 SET character_set_client      = @saved_cs_client */;
/*!50001 SET character_set_results     = @saved_cs_results */;
/*!50001 SET collation_connection      = @saved_col_connection */;

--
-- Final view structure for view ``
--

/*!50001 DROP VIEW IF EXISTS ``*/;
/*!50001 SET @saved_cs_client          = @@character_set_client */;
/*!50001 SET @saved_cs_results         = @@character_set_results */;
/*!50001 SET @saved_col_connection     = @@collation_connection */;
/*!50001 SET character_set_client      = utf8mb4 */;
/*!50001 SET character_set_results     = utf8mb4 */;
/*!50001 SET collation_connection      = utf8mb4_general_ci */;
/*!50001 CREATE ALGORITHM=UNDEFINED */
/*!50013 DEFINER=`root`@`localhost` SQL SECURITY DEFINER */
/*!50001 VIEW `` (``,``,``) AS select `a`.`Staff_Number` AS `Staff_Number`,`a`.`Staff_Name` AS `Staff_Name`,`a`.`Staff_Birth` AS `Staff_Birth` from (select `staff`.`Staff_Number` AS `Staff_Number`,`staff`.`Staff_Name` AS `Staff_Name`,`staff`.`Staff_Sex` AS `Staff_Sex`,`staff`.`Staff_Birth` AS `Staff_Birth`,`staff`.`Staff_Work_Type` AS `Staff_Work_Type`,`birthday`(`staff`.`Staff_Birth`) AS `bool` from `staff`) `a` where (`a`.`bool` = 1) */;
/*!50001 SET character_set_client      = @saved_cs_client */;
/*!50001 SET character_set_results     = @saved_cs_results */;
/*!50001 SET collation_connection      = @saved_col_connection */;

--
-- Final view structure for view ``
--

/*!50001 DROP VIEW IF EXISTS ``*/;
/*!50001 SET @saved_cs_client          = @@character_set_client */;
/*!50001 SET @saved_cs_results         = @@character_set_results */;
/*!50001 SET @saved_col_connection     = @@collation_connection */;
/*!50001 SET character_set_client      = utf8mb4 */;
/*!50001 SET character_set_results     = utf8mb4 */;
/*!50001 SET collation_connection      = utf8mb4_general_ci */;
/*!50001 CREATE ALGORITHM=UNDEFINED */
/*!50013 DEFINER=`root`@`localhost` SQL SECURITY DEFINER */
/*!50001 VIEW `` (``,``,``,``,``,``,``,``,``) AS select `dispatch_order`.`Dispatch_Order_Number` AS `Dispatch_Order_Number`,`dispatch_order`.`Work_Plan_Start_Time` AS `Work_Plan_Start_Time`,`dispatch_order`.`Work_Plan_End_Time` AS `Work_Plan_End_Time`,`dispatch_order`.`Work_Real_Start_Time` AS `Work_Real_Start_Time`,`dispatch_order`.`Mainboard_Number` AS `Mainboard_Number`,concat(truncate(((sum(`dispatch_order`.`Work_Real_Sum_Number`) / sum(`dispatch_order`.`Work_Plan_Number`)) * 100),2),'%') AS `Name_exp_6`,`staff`.`Staff_Name` AS `Staff_Name`,`dispatch_order`.`U_Line_Number` AS `U_Line_Number`,`smt_u_line`.`U_Line_Operation_Status` AS `U_Line_Operation_Status` from ((`dispatch_order` join `staff`) join `smt_u_line`) where ((`dispatch_order`.`Staff_Number` = `staff`.`Staff_Number`) and (`dispatch_order`.`U_Line_Number` = `smt_u_line`.`U_Line_Number`) and (`dispatch_order`.`Work_Real_End_Time` = '2000-01-01 01:00:00')) group by `dispatch_order`.`Dispatch_Order_Number` order by `smt_u_line`.`U_Line_Operation_Status` */;
/*!50001 SET character_set_client      = @saved_cs_client */;
/*!50001 SET character_set_results     = @saved_cs_results */;
/*!50001 SET collation_connection      = @saved_col_connection */;

--
-- Final view structure for view ``
--

/*!50001 DROP VIEW IF EXISTS ``*/;
/*!50001 SET @saved_cs_client          = @@character_set_client */;
/*!50001 SET @saved_cs_results         = @@character_set_results */;
/*!50001 SET @saved_col_connection     = @@collation_connection */;
/*!50001 SET character_set_client      = utf8mb4 */;
/*!50001 SET character_set_results     = utf8mb4 */;
/*!50001 SET collation_connection      = utf8mb4_general_ci */;
/*!50001 CREATE ALGORITHM=UNDEFINED */
/*!50013 DEFINER=`root`@`localhost` SQL SECURITY DEFINER */
/*!50001 VIEW `` (``,``,``) AS select `repair_order`.`Repair_Order_Number` AS `Repair_Order_Number`,`repair_order`.`Repair_Start_Time` AS `Repair_Start_Time`,`staff`.`Staff_Name` AS `Staff_Name` from (`repair_order` join `staff`) where ((`repair_order`.`Staff_Number` = `staff`.`Staff_Number`) and (`repair_order`.`Repair_End_Time` = '2000-01-01 01:00:00')) group by `repair_order`.`Repair_Order_Number` */;
/*!50001 SET character_set_client      = @saved_cs_client */;
/*!50001 SET character_set_results     = @saved_cs_results */;
/*!50001 SET collation_connection      = @saved_col_connection */;

--
-- Final view structure for view ``
--

/*!50001 DROP VIEW IF EXISTS ``*/;
/*!50001 SET @saved_cs_client          = @@character_set_client */;
/*!50001 SET @saved_cs_results         = @@character_set_results */;
/*!50001 SET @saved_col_connection     = @@collation_connection */;
/*!50001 SET character_set_client      = utf8mb4 */;
/*!50001 SET character_set_results     = utf8mb4 */;
/*!50001 SET collation_connection      = utf8mb4_general_ci */;
/*!50001 CREATE ALGORITHM=UNDEFINED */
/*!50013 DEFINER=`root`@`localhost` SQL SECURITY DEFINER */
/*!50001 VIEW `` (``,``,``,``) AS select `staff`.`Staff_Number` AS `Staff_Number`,`staff`.`Staff_Name` AS `Staff_Name`,`staff`.`Staff_Sex` AS `Staff_Sex`,`staff`.`Staff_Birth` AS `Staff_Birth` from `staff` where (`staff`.`Staff_Work_Type` = '') */;
/*!50001 SET character_set_client      = @saved_cs_client */;
/*!50001 SET character_set_results     = @saved_cs_results */;
/*!50001 SET collation_connection      = @saved_col_connection */;

--
-- Final view structure for view ``
--

/*!50001 DROP VIEW IF EXISTS ``*/;
/*!50001 SET @saved_cs_client          = @@character_set_client */;
/*!50001 SET @saved_cs_results         = @@character_set_results */;
/*!50001 SET @saved_col_connection     = @@collation_connection */;
/*!50001 SET character_set_client      = utf8mb4 */;
/*!50001 SET character_set_results     = utf8mb4 */;
/*!50001 SET collation_connection      = utf8mb4_general_ci */;
/*!50001 CREATE ALGORITHM=UNDEFINED */
/*!50013 DEFINER=`root`@`localhost` SQL SECURITY DEFINER */
/*!50001 VIEW `` (``,``,``) AS select `staff`.`Staff_Number` AS `Staff_Number`,`staff`.`Staff_Name` AS `Staff_Name`,count(0) AS `count(*)` from (`staff` join `dispatch_order`) where ((`dispatch_order`.`Staff_Number` = `staff`.`Staff_Number`) and (`staff`.`Staff_Work_Type` = '') and (`dispatch_order`.`Work_Real_End_Time` <> '2000-01-01 01:00:00')) group by `staff`.`Staff_Number` */;
/*!50001 SET character_set_client      = @saved_cs_client */;
/*!50001 SET character_set_results     = @saved_cs_results */;
/*!50001 SET collation_connection      = @saved_col_connection */;

--
-- Final view structure for view ``
--

/*!50001 DROP VIEW IF EXISTS ``*/;
/*!50001 SET @saved_cs_client          = @@character_set_client */;
/*!50001 SET @saved_cs_results         = @@character_set_results */;
/*!50001 SET @saved_col_connection     = @@collation_connection */;
/*!50001 SET character_set_client      = utf8mb4 */;
/*!50001 SET character_set_results     = utf8mb4 */;
/*!50001 SET collation_connection      = utf8mb4_general_ci */;
/*!50001 CREATE ALGORITHM=UNDEFINED */
/*!50013 DEFINER=`root`@`localhost` SQL SECURITY DEFINER */
/*!50001 VIEW `` (``,``,``,``) AS select `smt_u_line`.`U_Line_Number` AS `U_Line_Number`,count((case when `dispatch_order`.`Work_Plan_Start_Time` then 1 end)) AS `count(case when Dispatch_Order.Work_Plan_Start_Time then 1 end )`,concat(truncate(((sum(`dispatch_order`.`Work_Real_Qualified_Number`) / sum(`dispatch_order`.`Work_Real_Sum_Number`)) * 100),2),'%') AS `Name_exp_3`,concat(truncate(((sum(`dispatch_order`.`Work_Real_Sum_Number`) / sum(`dispatch_order`.`Work_Plan_Number`)) * 100),2),'%') AS `Name_exp_4` from (`smt_u_line` join `dispatch_order`) where ((`smt_u_line`.`U_Line_Number` = `dispatch_order`.`U_Line_Number`) and (`dispatch_order`.`Work_Real_End_Time` <> '2000-01-01 01:00:00')) group by `smt_u_line`.`U_Line_Number` */;
/*!50001 SET character_set_client      = @saved_cs_client */;
/*!50001 SET character_set_results     = @saved_cs_results */;
/*!50001 SET collation_connection      = @saved_col_connection */;

--
-- Final view structure for view ``
--

/*!50001 DROP VIEW IF EXISTS ``*/;
/*!50001 SET @saved_cs_client          = @@character_set_client */;
/*!50001 SET @saved_cs_results         = @@character_set_results */;
/*!50001 SET @saved_col_connection     = @@collation_connection */;
/*!50001 SET character_set_client      = utf8mb4 */;
/*!50001 SET character_set_results     = utf8mb4 */;
/*!50001 SET collation_connection      = utf8mb4_general_ci */;
/*!50001 CREATE ALGORITHM=UNDEFINED */
/*!50013 DEFINER=`root`@`localhost` SQL SECURITY DEFINER */
/*!50001 VIEW `` (``,``) AS select `smt_u_line`.`U_Line_Number` AS `U_Line_Number`,count((case when `repair_order`.`Repair_Order_Number` then 1 end)) AS `Repair_Sum` from (`smt_u_line` left join `repair_order` on(((`smt_u_line`.`U_Line_Number` = `repair_order`.`U_Line_Number`) and (`repair_order`.`Repair_End_Time` <> '2000-01-01 01:00:00')))) group by `smt_u_line`.`U_Line_Number` */;
/*!50001 SET character_set_client      = @saved_cs_client */;
/*!50001 SET character_set_results     = @saved_cs_results */;
/*!50001 SET collation_connection      = @saved_col_connection */;

--
-- Final view structure for view ``
--

/*!50001 DROP VIEW IF EXISTS ``*/;
/*!50001 SET @saved_cs_client          = @@character_set_client */;
/*!50001 SET @saved_cs_results         = @@character_set_results */;
/*!50001 SET @saved_col_connection     = @@collation_connection */;
/*!50001 SET character_set_client      = utf8mb4 */;
/*!50001 SET character_set_results     = utf8mb4 */;
/*!50001 SET collation_connection      = utf8mb4_general_ci */;
/*!50001 CREATE ALGORITHM=UNDEFINED */
/*!50013 DEFINER=`root`@`localhost` SQL SECURITY DEFINER */
/*!50001 VIEW `` (``,``,``,``) AS select `staff`.`Staff_Number` AS `Staff_Number`,`staff`.`Staff_Name` AS `Staff_Name`,`staff`.`Staff_Sex` AS `Staff_Sex`,`staff`.`Staff_Birth` AS `Staff_Birth` from `staff` where (`staff`.`Staff_Work_Type` = '') */;
/*!50001 SET character_set_client      = @saved_cs_client */;
/*!50001 SET character_set_results     = @saved_cs_results */;
/*!50001 SET collation_connection      = @saved_col_connection */;

--
-- Final view structure for view ``
--

/*!50001 DROP VIEW IF EXISTS ``*/;
/*!50001 SET @saved_cs_client          = @@character_set_client */;
/*!50001 SET @saved_cs_results         = @@character_set_results */;
/*!50001 SET @saved_col_connection     = @@collation_connection */;
/*!50001 SET character_set_client      = utf8mb4 */;
/*!50001 SET character_set_results     = utf8mb4 */;
/*!50001 SET collation_connection      = utf8mb4_general_ci */;
/*!50001 CREATE ALGORITHM=UNDEFINED */
/*!50013 DEFINER=`root`@`localhost` SQL SECURITY DEFINER */
/*!50001 VIEW `` (``,``,``) AS select `staff`.`Staff_Number` AS `Staff_Number`,`staff`.`Staff_Name` AS `Staff_Name`,count(0) AS `count(*)` from (`staff` join `repair_order`) where ((`repair_order`.`Staff_Number` = `staff`.`Staff_Number`) and (`staff`.`Staff_Work_Type` = '') and (`repair_order`.`Repair_End_Time` <> '2000-01-01 01:00:00')) group by `staff`.`Staff_Number` */;
/*!50001 SET character_set_client      = @saved_cs_client */;
/*!50001 SET character_set_results     = @saved_cs_results */;
/*!50001 SET collation_connection      = @saved_col_connection */;
/*!40103 SET TIME_ZONE=@OLD_TIME_ZONE */;

/*!40101 SET SQL_MODE=@OLD_SQL_MODE */;
/*!40014 SET FOREIGN_KEY_CHECKS=@OLD_FOREIGN_KEY_CHECKS */;
/*!40014 SET UNIQUE_CHECKS=@OLD_UNIQUE_CHECKS */;
/*!40101 SET CHARACTER_SET_CLIENT=@OLD_CHARACTER_SET_CLIENT */;
/*!40101 SET CHARACTER_SET_RESULTS=@OLD_CHARACTER_SET_RESULTS */;
/*!40101 SET COLLATION_CONNECTION=@OLD_COLLATION_CONNECTION */;
/*!40111 SET SQL_NOTES=@OLD_SQL_NOTES */;

-- Dump completed on 2022-12-10 16:30:22
